Workbook

Sheet README
A1: 설문 응답 정리본
A3: 목적 | B3: Google Forms 응답 원본(도입/미도입 분기로 열이 두 묶음)을 한 열 세트로 합치고, 숫자 코딩·파생 척도·빈도/기술통계를 정리한 작업본.
A4: 원본 경로 | B4: 01.docs/설문결과/중소규모 건설현장을 위한 YOLO-LLM 안전관제 시스템 개발 및 실증 연구(응답).xlsx
A5: 원본 SHA256 | B5: e81a9f6fb5e2557024bdade531bd467a6701944a6d458699334ce94d34f68027 (읽기 전용 — 이 파일 생성 전후 불변 확인)
A6: 생성 시각 | B6: 2026-10-24 09:03 (Asia/Seoul)
A7: 생성 스크립트 | B7: tools/survey_analysis/build_workbook.py (코딩 규칙: tools/survey_analysis/coding.py)
A8: 코딩 규칙 근거 | B8: 03.plan/261024_0850_설문응답_정리_분석_원고반영_계획.md 0.3·0.4절, 문항 전문 01.docs/부록1_설문지_양식.md, 변수 역할 01.docs/04_연구설계.md <표 4-3>
A9: 응답 수 | B9: 전체 73건(도입 34, 미도입 39), 분석 포함 include=1 71건(도입 32, 미도입 39). 시험 응답 2건 제외.
A10: 집단 기준 | B10: group은 첫 질문의 자기보고 분기값이다. 원고 원칙상 분석용 집단은 조사 명부로 판정하므로 이 값은 '명부 대조 전 자기보고 기준'이다.
A11: jamovi 투입 | B11: 분석자료 시트 또는 01.docs/설문결과/analysis/coded_data.csv(UTF-8 BOM)를 사용하고 include=1로 필터한다. 성명·현장명은 들어 있지 않다.
A12: 값 전용 시트 | B12: 분석자료는 설계상 값 전용(수식 없음)이다. 파생값은 Python으로 계산했으며 코딩자료의 수식과 같은 규칙이다(검증: 전 셀 일치).
A13: 색 범례 | B13: 파란 글자 = 입력값(원문·코딩값·값 전용 자료), 검은 글자 = 수식, 노란 채움 = D함수 조건 범위(수정 금지).
A14: 자료 특성 요약 | B14: ① 도입 집단 전원 남성(여성은 미도입에만) ② 소속–역할 중복(발주청≈공사감독)으로 설계행렬 순위 결함 가능 ③ 현장명·성명이 5건에만 있어 중복 확인은 타임스탬프·응답 벡터로만 가능(완전 동일 벡터 0건) ④ 집단은 명부 대조 전 자기보고 ⑤ 도입 집단 중 시스템 경로 작동(sys_path=1)은 소수 — 상세는 검토메모.
... A24: 검토메모 | B24: 자료 특성·이상값·결측·중복 의심·제외·검증 결과. 각 건의 resp_id·원본 행·내용·처리·상태.

Sheet 원자료_통합
A1: resp_id | B1: 원본행 | C1: 타임스탬프 | D1: 집단 | E1: group | F1: 현장명 | G1: 성명 | H1: A-1 | I1: A-2 | J1: A-3 | K1: A-4 | L1: A-5 | M1: A-6 | N1: A-7 | O1: A-8 | P1: A-9 | Q1: B-1 | R1: B-2 | S1: B-3 | T1: B-4 | U1: B-5 | V1: B-6 | W1: B-7 | X1: B-8 | Y1: C-1 | Z1: C-2 | AA1: C-3 | AB1: C-4 | AC1: D-1 | AD1: D-2 | AE1: D-3 | AF1: D-4 | AG1: D-5 | AH1: D-6 | AI1: D-7 | AJ1: D-8 | AK1: E-1 | AL1: E-2 | AM1: E-3 | AN1: E-4 | AO1: include | AP1: exclude_reason
A2: R001 | B2: 2 | C2: 46309.439 | D2: CCTV YOLO-LLM 안전알림 도입 현장 | E2: 1 | F2: 테스트 | G2: 진정한 | H2: 발주청(공사감독·감리원 포함) | I2: 남성 | J2: 34 | K2: 6 | L2: 공사감독 | M2: 50억 원 이상∼120억 원 미만 | N2: 사무실 등에서 CCTV 화면을 직접 본다 | O2: 발생 직후 알림으로 | P2: 5분 초과∼30분 | Q2: ③ 보통이다 | R2: ③ 보통이다 | S2: ③ 보통이다 | T2: ③ 보통이다 | U2: ③ 보통이다 | V2: ③ 보통이다 | W2: ③ 보통이다 | X2: ③ 보통이다 | Y2: ③ 보통이다 | Z2: ③ 보통이다 | AA2: ③ 보통이다 | AB2: ③ 보통이다 | AC2: ③ 보통이다 | AD2: ③ 보통이다 | AE2: ③ 보통이다 | AF2: ③ 보통이다 | AG2: ③ 보통이다 | AH2: ③ 보통이다 | AI2: ③ 보통이다 | AJ2: ③ 보통이다 | AK2: ③ 보통이다 | AL2: ③ 보통이다 | AM2: ③ 보통이다 | AN2: ③ 보통이다 | AO2: 0 | AP2: 시험 응답(현장명 '테스트')
A3: R002 | B3: 3 | C3: 46309.439 | D3: CCTV YOLO-LLM 안전알림 도입 현장 | E3: 1 | F3: 없음 | G3: 윤혁 | H3: 발주청(공사감독·감리원 포함) | I3: 남성 | J3: 38 | K3: 11 | L3: 공사감독 | M3: 20억 원 미만 | N3: 알게 될 방법이 없다 | O3: 다음 순찰 때 | P3: 즉시∼5분 | Q3: ⑤ 매우 그렇다 | R3: ⑤ 매우 그렇다 | S3: ⑤ 매우 그렇다 | T3: ⑤ 매우 그렇다 | U3: ⑤ 매우 그렇다 | V3: ⑤ 매우 그렇다 | W3: ⑤ 매우 그렇다 | X3: ⑤ 매우 그렇다 | Y3: ⑤ 매우 그렇다 | Z3: ⑤ 매우 그렇다 | AA3: ⑤ 매우 그렇다 | AB3: ⑤ 매우 그렇다 | AC3: ⑤ 매우 그렇다 | AD3: ⑤ 매우 그렇다 | AE3: ⑤ 매우 그렇다 | AF3: ⑤ 매우 그렇다 | AG3: ⑤ 매우 그렇다 | AH3: ⑤ 매우 그렇다 | AI3: ⑤ 매우 그렇다 | AJ3: ⑤ 매우 그렇다 | AK3: ⑤ 매우 그렇다 | AL3: ⑤ 매우 그렇다 | AM3: ⑤ 매우 그렇다 | AN3: ⑤ 매우 그렇다 | AO3: 0 | AP3: 연구자 본인 시험 응답(현장명 '없음')
A4: R003 | B4: 4 | C4: 46309.482 | D4: CCTV YOLO-LLM 안전알림 미도입 현장 | E4: 0 | F4: 구법지구수리시설 개보수사업 | G4: 이택수 | H4: 시공사 | I4: 남성 | J4: 58 | K4: 35 | L4: 현장소장 | M4: 20억 원 이상∼50억 원 미만 | N4: 작업자나 반장의 전화·보고 | O4: 누군가 알려줄 때 | P4: 5분 초과∼30분 | Q4: ③ 보통이다 | R4: ③ 보통이다 | S4: ② 그렇지 않다 | T4: ② 그렇지 않다 | U4: ② 그렇지 않다 | V4: ③ 보통이다 | W4: ③ 보통이다 | X4: ④ 그렇다 | Y4: ④ 그렇다 | Z4: ④ 그렇다 | AA4: ④ 그렇다 | AB4: ④ 그렇다 | AO4: 1
A5: R004 | B5: 5 | C5: 46310.255 | D5: CCTV YOLO-LLM 안전알림 미도입 현장 | E5: 0 | F5: 신원지구 배수개선사업 토목.기계.건축공사 | G5: 김상운 | H5: 시공사 | I5: 남성 | J5: 63 | K5: 34 | L5: 현장소장 | M5: 50억 원 이상∼120억 원 미만 | N5: 작업자나 반장의 전화·보고 | O5: 누군가 알려줄 때 | P5: 5분 초과∼30분 | Q5: ④ 그렇다 | R5: ④ 그렇다 | S5: ④ 그렇다 | T5: ③ 보통이다 | U5: ③ 보통이다 | V5: ④ 그렇다 | W5: ④ 그렇다 | X5: ③ 보통이다 | Y5: ③ 보통이다 | Z5: ③ 보통이다 | AA5: ③ 보통이다 | AB5: ③ 보통이다 | AO5: 1
A6: R005 | B6: 6 | C6: 46310.615 | D6: CCTV YOLO-LLM 안전알림 도입 현장 | E6: 1 | F6: 소청 하수처리시설확충사업 | G6: 정운천 | H6: 발주청(공사감독·감리원 포함) | I6: 남성 | J6: 48 | K6: 9 | L6: 공사감독 | M6: 50억 원 이상∼120억 원 미만 | N6: 작업자나 반장의 전화·보고 | O6: 다음 순찰 때 | P6: 즉시∼5분 | Q6: ③ 보통이다 | R6: ④ 그렇다 | S6: ③ 보통이다 | T6: ④ 그렇다 | U6: ④ 그렇다 | V6: ④ 그렇다 | W6: ④ 그렇다 | X6: ④ 그렇다 | Y6: ③ 보통이다 | Z6: ③ 보통이다 | AA6: ③ 보통이다 | AB6: ③ 보통이다 | AC6: ③ 보통이다 | AD6: ③ 보통이다 | AE6: ④ 그렇다 | AF6: ④ 그렇다 | AG6: ④ 그렇다 | AH6: ③ 보통이다 | AI6: ④ 그렇다 | AJ6: ④ 그렇다 | AK6: ④ 그렇다 | AL6: ④ 그렇다 | AM6: ④ 그렇다 | AN6: ④ 그렇다 | AO6: 1
A7: R006 | B7: 7 | C7: 46315.346 | D7: CCTV YOLO-LLM 안전알림 도입 현장 | E7: 1 | H7: 시공사 | I7: 남성 | J7: 50 | K7: 25 | L7: 안전관리자 | M7: 120억 원 이상 | N7: 작업자나 반장의 전화·보고 | O7: 다음 순찰 때 | P7: 5분 초과∼30분 | Q7: ③ 보통이다 | R7: ③ 보통이다 | S7: ④ 그렇다 | T7: ④ 그렇다 | U7: ④ 그렇다 | V7: ④ 그렇다 | W7: ④ 그렇다 | X7: ④ 그렇다 | Y7: ⑤ 매우 그렇다 | Z7: ⑤ 매우 그렇다 | AA7: ⑤ 매우 그렇다 | AB7: ④ 그렇다 | AC7: ④ 그렇다 | AD7: ④ 그렇다 | AE7: ④ 그렇다 | AF7: ④ 그렇다 | AG7: ④ 그렇다 | AH7: ④ 그렇다 | AI7: ④ 그렇다 | AJ7: ④ 그렇다 | AK7: ④ 그렇다 | AL7: ④ 그렇다 | AM7: ④ 그렇다 | AN7: ④ 그렇다 | AO7: 1
A8: R007 | B8: 8 | C8: 46315.347 | D8: CCTV YOLO-LLM 안전알림 미도입 현장 | E8: 0 | H8: 시공사 | I8: 남성 | J8: 51 | K8: 26 | L8: 안전관리자 | M8: 120억 원 이상 | N8: 작업자나 반장의 전화·보고 | O8: 누군가 알려줄 때 | P8: 즉시∼5분 | Q8: ④ 그렇다 | R8: ④ 그렇다 | S8: ④ 그렇다 | T8: ④ 그렇다 | U8: ③ 보통이다 | V8: ④ 그렇다 | W8: ④ 그렇다 | X8: ④ 그렇다 | Y8: ④ 그렇다 | Z8: ④ 그렇다 | AA8: ④ 그렇다 | AB8: ④ 그렇다 | AO8: 1
A9: R008 | B9: 9 | C9: 46315.353 | D9: CCTV YOLO-LLM 안전알림 미도입 현장 | E9: 0 | H9: 시공사 | I9: 남성 | J9: 43 | K9: 1 | L9: 현장소장 | M9: 20억 원 이상∼50억 원 미만 | N9: 작업자나 반장의 전화·보고 | O9: 누군가 알려줄 때 | P9: 즉시∼5분 | Q9: ④ 그렇다 | R9: ③ 보통이다 | S9: ③ 보통이다 | T9: ④ 그렇다 | U9: ③ 보통이다 | V9: ② 그렇지 않다 | W9: ③ 보통이다 | X9: ④ 그렇다 | Y9: ③ 보통이다 | Z9: ④ 그렇다 | AA9: ④ 그렇다 | AB9: ③ 보통이다 | AO9: 1
A10: R009 | B10: 10 | C10: 46315.354 | D10: CCTV YOLO-LLM 안전알림 도입 현장 | E10: 1 | H10: 발주청(공사감독·감리원 포함) | I10: 남성 | J10: 32 | K10: 2 | L10: 공사감독 | M10: 50억 원 이상∼120억 원 미만 | N10: 사무실 등에서 CCTV 화면을 직접 본다 | O10: 누군가 알려줄 때 | P10: 30분 초과∼1시간 | Q10: ⑤ 매우 그렇다 | R10: ⑤ 매우 그렇다 | S10: ⑤ 매우 그렇다 | T10: ⑤ 매우 그렇다 | U10: ⑤ 매우 그렇다 | V10: ⑤ 매우 그렇다 | W10: ⑤ 매우 그렇다 | X10: ⑤ 매우 그렇다 | Y10: ③ 보통이다 | Z10: ③ 보통이다 | AA10: ② 그렇지 않다 | AB10: ② 그렇지 않다 | AC10: ⑤ 매우 그렇다 | AD10: ⑤ 매우 그렇다 | AE10: ⑤ 매우 그렇다 | AF10: ⑤ 매우 그렇다 | AG10: ⑤ 매우 그렇다 | AH10: ⑤ 매우 그렇다 | AI10: ⑤ 매우 그렇다 | AJ10: ⑤ 매우 그렇다 | AK10: ⑤ 매우 그렇다 | AL10: ⑤ 매우 그렇다 | AM10: ⑤ 매우 그렇다 | AN10: ⑤ 매우 그렇다 | AO10: 1
A11: R010 | B11: 11 | C11: 46315.361 | D11: CCTV YOLO-LLM 안전알림 도입 현장 | E11: 1 | H11: 발주청(공사감독·감리원 포함) | I11: 남성 | J11: 32 | K11: 5 | L11: 공사감독 | M11: 20억 원 이상∼50억 원 미만 | N11: 자동 알림(문자·메신저·앱)을 받는다 | O11: 발생 직후 알림으로 | P11: 5분 초과∼30분 | Q11: ② 그렇지 않다 | R11: ③ 보통이다 | S11: ③ 보통이다 | T11: ③ 보통이다 | U11: ③ 보통이다 | V11: ③ 보통이다 | W11: ④ 그렇다 | X11: ③ 보통이다 | Y11: ④ 그렇다 | Z11: ④ 그렇다 | AA11: ④ 그렇다 | AB11: ④ 그렇다 | AC11: ④ 그렇다 | AD11: ③ 보통이다 | AE11: ③ 보통이다 | AF11: ③ 보통이다 | AG11: ② 그렇지 않다 | AH11: ② 그렇지 않다 | AI11: ④ 그렇다 | AJ11: ③ 보통이다 | AK11: ③ 보통이다 | AL11: ③ 보통이다 | AM11: ③ 보통이다 | AN11: ③ 보통이다 | AO11: 1
A12: R011 | B12: 12 | C12: 46315.371 | D12: CCTV YOLO-LLM 안전알림 도입 현장 | E12: 1 | H12: 발주청(공사감독·감리원 포함) | I12: 남성 | J12: 49 | K12: 1 | L12: 공사감독 | M12: 50억 원 이상∼120억 원 미만 | N12: 작업자나 반장의 전화·보고 | O12: 누군가 알려줄 때 | P12: 5분 초과∼30분 | Q12: ② 그렇지 않다 | R12: ③ 보통이다 | S12: ③ 보통이다 | T12: ② 그렇지 않다 | U12: ⑤ 매우 그렇다 | V12: ② 그렇지 않다 | W12: ③ 보통이다 | X12: ③ 보통이다 | Y12: ② 그렇지 않다 | Z12: ② 그렇지 않다 | AA12: ② 그렇지 않다 | AB12: ② 그렇지 않다 | AC12: ④ 그렇다 | AD12: ④ 그렇다 | AE12: ④ 그렇다 | AF12: ④ 그렇다 | AG12: ③ 보통이다 | AH12: ③ 보통이다 | AI12: ④ 그렇다 | AJ12: ④ 그렇다 | AK12: ③ 보통이다 | AL12: ③ 보통이다 | AM12: ② 그렇지 않다 | AN12: ② 그렇지 않다 | AO12: 1
A13: R012 | B13: 13 | C13: 46315.409 | D13: CCTV YOLO-LLM 안전알림 도입 현장 | E13: 1 | H13: 발주청(공사감독·감리원 포함) | I13: 남성 | J13: 30 | K13: 3 | L13: 공사감독 | M13: 20억 원 이상∼50억 원 미만 | N13: 자동 알림(문자·메신저·앱)을 받는다 | O13: 누군가 알려줄 때 | P13: 5분 초과∼30분 | Q13: ④ 그렇다 | R13: ⑤ 매우 그렇다 | S13: ③ 보통이다 | T13: ④ 그렇다 | U13: ④ 그렇다 | V13: ③ 보통이다 | W13: ④ 그렇다 | X13: ④ 그렇다 | Y13: ② 그렇지 않다 | Z13: ② 그렇지 않다 | AA13: ③ 보통이다 | AB13: ⑤ 매우 그렇다 | AC13: ⑤ 매우 그렇다 | AD13: ④ 그렇다 | AE13: ④ 그렇다 | AF13: ③ 보통이다 | AG13: ④ 그렇다 | AH13: ④ 그렇다 | AI13: ⑤ 매우 그렇다 | AJ13: ④ 그렇다 | AK13: ③ 보통이다 | AL13: ② 그렇지 않다 | AM13: ② 그렇지 않다 | AN13: ② 그렇지 않다 | AO13: 1
A14: R013 | B14: 14 | C14: 46315.53 | D14: CCTV YOLO-LLM 안전알림 도입 현장 | E14: 1 | H14: 시공사 | I14: 남성 | J14: 65 | K14: 12 | L14: 안전관리자 | M14: 120억 원 이상 | N14: 작업자나 반장의 전화·보고 | O14: 모르고 지나가는 경우가 많다 | P14: 5분 초과∼30분 | Q14: ③ 보통이다 | R14: ⑤ 매우 그렇다 | S14: ⑤ 매우 그렇다 | T14: ⑤ 매우 그렇다 | U14: ⑤ 매우 그렇다 | V14: ⑤ 매우 그렇다 | W14: ⑤ 매우 그렇다 | X14: ⑤ 매우 그렇다 | Y14: ⑤ 매우 그렇다 | Z14: ⑤ 매우 그렇다 | AA14: ⑤ 매우 그렇다 | AB14: ⑤ 매우 그렇다 | AC14: ⑤ 매우 그렇다 | AD14: ⑤ 매우 그렇다 | AE14: ⑤ 매우 그렇다 | AF14: ⑤ 매우 그렇다 | AG14: ⑤ 매우 그렇다 | AH14: ⑤ 매우 그렇다 | AI14: ⑤ 매우 그렇다 | AJ14: ⑤ 매우 그렇다 | AK14: ⑤ 매우 그렇다 | AL14: ⑤ 매우 그렇다 | AM14: ⑤ 매우 그렇다 | AN14: ⑤ 매우 그렇다 | AO14: 1
A15: R014 | B15: 15 | C15: 46315.53 | D15: CCTV YOLO-LLM 안전알림 도입 현장 | E15: 1 | H15: 시공사 | I15: 남성 | J15: 53 | K15: 28 | L15: 현장소장 | M15: 50억 원 이상∼120억 원 미만 | N15: 사무실 등에서 CCTV 화면을 직접 본다 | O15: 다음 순찰 때 | P15: 즉시∼5분 | Q15: ⑤ 매우 그렇다 | R15: ⑤ 매우 그렇다 | S15: ⑤ 매우 그렇다 | T15: ④ 그렇다 | U15: ④ 그렇다 | V15: ④ 그렇다 | W15: ⑤ 매우 그렇다 | X15: ④ 그렇다 | Y15: ④ 그렇다 | Z15: ④ 그렇다 | AA15: ④ 그렇다 | AB15: ④ 그렇다 | AC15: ④ 그렇다 | AD15: ② 그렇지 않다 | AE15: ④ 그렇다 | AF15: ② 그렇지 않다 | AG15: ③ 보통이다 | AH15: ③ 보통이다 | AI15: ④ 그렇다 | AJ15: ③ 보통이다 | AK15: ④ 그렇다 | AL15: ④ 그렇다 | AM15: ② 그렇지 않다 | AN15: ④ 그렇다 | AO15: 1
A16: R015 | B16: 16 | C16: 46315.531 | D16: CCTV YOLO-LLM 안전알림 도입 현장 | E16: 1 | H16: 시공사 | I16: 남성 | J16: 53 | K16: 23 | L16: 현장소장 | M16: 50억 원 이상∼120억 원 미만 | N16: 작업자나 반장의 전화·보고 | O16: 누군가 알려줄 때 | P16: 5분 초과∼30분 | Q16: ④ 그렇다 | R16: ④ 그렇다 | S16: ④ 그렇다 | T16: ③ 보통이다 | U16: ③ 보통이다 | V16: ④ 그렇다 | W16: ④ 그렇다 | X16: ④ 그렇다 | Y16: ③ 보통이다 | Z16: ③ 보통이다 | AA16: ⑤ 매우 그렇다 | AB16: ④ 그렇다 | AC16: ③ 보통이다 | AD16: ③ 보통이다 | AE16: ③ 보통이다 | AF16: ③ 보통이다 | AG16: ③ 보통이다 | AH16: ③ 보통이다 | AI16: ④ 그렇다 | AJ16: ④ 그렇다 | AK16: ③ 보통이다 | AL16: ③ 보통이다 | AM16: ④ 그렇다 | AN16: ④ 그렇다 | AO16: 1
A17: R016 | B17: 17 | C17: 46315.532 | D17: CCTV YOLO-LLM 안전알림 미도입 현장 | E17: 0 | H17: 시공사 | I17: 남성 | J17: 52 | K17: 25 | L17: 현장소장 | M17: 50억 원 이상∼120억 원 미만 | N17: 사무실 등에서 CCTV 화면을 직접 본다 | O17: 누군가 알려줄 때 | P17: 즉시∼5분 | Q17: ④ 그렇다 | R17: ④ 그렇다 | S17: ③ 보통이다 | T17: ④ 그렇다 | U17: ④ 그렇다 | V17: ④ 그렇다 | W17: ④ 그렇다 | X17: ④ 그렇다 | Y17: ② 그렇지 않다 | Z17: ② 그렇지 않다 | AA17: ④ 그렇다 | AB17: ① 전혀 그렇지 않다 | AO17: 1
A18: R017 | B18: 18 | C18: 46315.534 | D18: CCTV YOLO-LLM 안전알림 도입 현장 | E18: 1 | H18: 발주청(공사감독·감리원 포함) | I18: 남성 | J18: 54 | K18: 20 | L18: 공사감독 | M18: 120억 원 이상 | N18: 자동 알림(문자·메신저·앱)을 받는다 | O18: 발생 직후 알림으로 | P18: 5분 초과∼30분 | Q18: ③ 보통이다 | R18: ④ 그렇다 | S18: ④ 그렇다 | T18: ④ 그렇다 | U18: ④ 그렇다 | V18: ④ 그렇다 | W18: ④ 그렇다 | X18: ④ 그렇다 | Y18: ② 그렇지 않다 | Z18: ② 그렇지 않다 | AA18: ② 그렇지 않다 | AB18: ② 그렇지 않다 | AC18: ③ 보통이다 | AD18: ④ 그렇다 | AE18: ④ 그렇다 | AF18: ④ 그렇다 | AG18: ③ 보통이다 | AH18: ③ 보통이다 | AI18: ④ 그렇다 | AJ18: ③ 보통이다 | AK18: ④ 그렇다 | AL18: ④ 그렇다 | AM18: ④ 그렇다 | AN18: ④ 그렇다 | AO18: 1
A19: R018 | B19: 19 | C19: 46315.535 | D19: CCTV YOLO-LLM 안전알림 미도입 현장 | E19: 0 | H19: 시공사 | I19: 남성 | J19: 28 | K19: 3 | L19: 안전관리자 | M19: 120억 원 이상 | N19: 작업자나 반장의 전화·보고 | O19: 누군가 알려줄 때 | P19: 5분 초과∼30분 | Q19: ③ 보통이다 | R19: ③ 보통이다 | S19: ② 그렇지 않다 | T19: ② 그렇지 않다 | U19: ② 그렇지 않다 | V19: ① 전혀 그렇지 않다 | W19: ② 그렇지 않다 | X19: ④ 그렇다 | Y19: ① 전혀 그렇지 않다 | Z19: ① 전혀 그렇지 않다 | AA19: ① 전혀 그렇지 않다 | AB19: ① 전혀 그렇지 않다 | AO19: 1
A20: R019 | B20: 20 | C20: 46315.535 | D20: CCTV YOLO-LLM 안전알림 도입 현장 | E20: 1 | H20: 발주청(공사감독·감리원 포함) | I20: 남성 | J20: 34 | K20: 2 | L20: 공사감독 | M20: 20억 원 이상∼50억 원 미만 | N20: 작업자나 반장의 전화·보고 | O20: 다음 순찰 때 | P20: 5분 초과∼30분 | Q20: ③ 보통이다 | R20: ④ 그렇다 | S20: ④ 그렇다 | T20: ④ 그렇다 | U20: ③ 보통이다 | V20: ③ 보통이다 | W20: ④ 그렇다 | X20: ④ 그렇다 | Y20: ③ 보통이다 | Z20: ③ 보통이다 | AA20: ③ 보통이다 | AB20: ③ 보통이다 | AC20: ③ 보통이다 | AD20: ④ 그렇다 | AE20: ③ 보통이다 | AF20: ③ 보통이다 | AG20: ② 그렇지 않다 | AH20: ③ 보통이다 | AI20: ④ 그렇다 | AJ20: ③ 보통이다 | AK20: ④ 그렇다 | AL20: ④ 그렇다 | AM20: ④ 그렇다 | AN20: ③ 보통이다 | AO20: 1
A21: R020 | B21: 21 | C21: 46315.537 | D21: CCTV YOLO-LLM 안전알림 미도입 현장 | E21: 0 | H21: 시공사 | I21: 남성 | J21: 65 | K21: 45 | L21: 현장소장 | M21: 20억 원 이상∼50억 원 미만 | N21: 현장상주 | O21: 다음 순찰 때 | P21: 즉시∼5분 | Q21: ⑤ 매우 그렇다 | R21: ⑤ 매우 그렇다 | S21: ⑤ 매우 그렇다 | T21: ⑤ 매우 그렇다 | U21: ⑤ 매우 그렇다 | V21: ⑤ 매우 그렇다 | W21: ⑤ 매우 그렇다 | X21: ⑤ 매우 그렇다 | Y21: ① 전혀 그렇지 않다 | Z21: ① 전혀 그렇지 않다 | AA21: ① 전혀 그렇지 않다 | AB21: ① 전혀 그렇지 않다 | AO21: 1
A22: R021 | B22: 22 | C22: 46315.538 | D22: CCTV YOLO-LLM 안전알림 도입 현장 | E22: 1 | H22: 시공사 | I22: 남성 | J22: 66 | K22: 33 | L22: 현장소장 | M22: 20억 원 미만 | N22: 작업자나 반장의 전화·보고 | O22: 다음 순찰 때 | P22: 즉시∼5분 | Q22: ⑤ 매우 그렇다 | R22: ⑤ 매우 그렇다 | S22: ④ 그렇다 | T22: ④ 그렇다 | U22: ⑤ 매우 그렇다 | V22: ④ 그렇다 | W22: ⑤ 매우 그렇다 | X22: ⑤ 매우 그렇다 | Y22: ⑤ 매우 그렇다 | Z22: ⑤ 매우 그렇다 | AA22: ⑤ 매우 그렇다 | AB22: ⑤ 매우 그렇다 | AC22: ① 전혀 그렇지 않다 | AD22: ② 그렇지 않다 | AE22: ④ 그렇다 | AF22: ④ 그렇다 | AG22: ⑤ 매우 그렇다 | AH22: ⑤ 매우 그렇다 | AI22: ⑤ 매우 그렇다 | AJ22: ⑤ 매우 그렇다 | AK22: ⑤ 매우 그렇다 | AL22: ⑤ 매우 그렇다 | AM22: ⑤ 매우 그렇다 | AN22: ⑤ 매우 그렇다 | AO22: 1
A23: R022 | B23: 23 | C23: 46315.539 | D23: CCTV YOLO-LLM 안전알림 미도입 현장 | E23: 0 | H23: 시공사 | I23: 남성 | J23: 56 | K23: 30 | L23: 현장소장 | M23: 20억 원 이상∼50억 원 미만 | N23: 작업자나 반장의 전화·보고 | O23: 누군가 알려줄 때 | P23: 5분 초과∼30분 | Q23: ④ 그렇다 | R23: ⑤ 매우 그렇다 | S23: ③ 보통이다 | T23: ③ 보통이다 | U23: ③ 보통이다 | V23: ③ 보통이다 | W23: ④ 그렇다 | X23: ④ 그렇다 | Y23: ③ 보통이다 | Z23: ② 그렇지 않다 | AA23: ② 그렇지 않다 | AB23: ③ 보통이다 | AO23: 1
A24: R023 | B24: 24 | C24: 46315.54 | D24: CCTV YOLO-LLM 안전알림 미도입 현장 | E24: 0 | H24: 시공사 | I24: 남성 | J24: 63 | K24: 33 | L24: 안전관리자 | M24: 120억 원 이상 | N24: 작업자나 반장의 전화·보고 | O24: 다음 순찰 때 | P24: 30분 초과∼1시간 | Q24: ③ 보통이다 | R24: ④ 그렇다 | S24: ② 그렇지 않다 | T24: ② 그렇지 않다 | U24: ③ 보통이다 | V24: ③ 보통이다 | W24: ③ 보통이다 | X24: ③ 보통이다 | Y24: ④ 그렇다 | Z24: ④ 그렇다 | AA24: ④ 그렇다 | AB24: ④ 그렇다 | AO24: 1
A25: R024 | B25: 25 | C25: 46315.541 | D25: CCTV YOLO-LLM 안전알림 도입 현장 | E25: 1 | H25: 시공사 | I25: 남성 | J25: 64 | K25: 1 | L25: 현장소장 | M25: 50억 원 이상∼120억 원 미만 | N25: 수시로 현장을 답사하여 확인한다 | O25: 누군가 알려줄 때 | P25: 즉시∼5분 | Q25: ⑤ 매우 그렇다 | R25: ⑤ 매우 그렇다 | S25: ⑤ 매우 그렇다 | T25: ⑤ 매우 그렇다 | U25: ⑤ 매우 그렇다 | V25: ⑤ 매우 그렇다 | W25: ⑤ 매우 그렇다 | X25: ⑤ 매우 그렇다 | Y25: ③ 보통이다 | Z25: ① 전혀 그렇지 않다 | AA25: ① 전혀 그렇지 않다 | AB25: ① 전혀 그렇지 않다 | AC25: ⑤ 매우 그렇다 | AD25: ⑤ 매우 그렇다 | AE25: ⑤ 매우 그렇다 | AF25: ① 전혀 그렇지 않다 | AG25: ② 그렇지 않다 | AH25: ③ 보통이다 | AI25: ⑤ 매우 그렇다 | AJ25: ⑤ 매우 그렇다 | AK25: ① 전혀 그렇지 않다 | AL25: ① 전혀 그렇지 않다 | AM25: ⑤ 매우 그렇다 | AN25: ① 전혀 그렇지 않다 | AO25: 1
A26: R025 | B26: 26 | C26: 46315.542 | D26: CCTV YOLO-LLM 안전알림 미도입 현장 | E26: 0 | H26: 시공사 | I26: 남성 | J26: 48 | K26: 25 | L26: 현장소장 | M26: 120억 원 이상 | N26: 사무실 등에서 CCTV 화면을 직접 본다 | O26: 발생 직후 알림으로 | P26: 즉시∼5분 | Q26: ⑤ 매우 그렇다 | R26: ⑤ 매우 그렇다 | S26: ⑤ 매우 그렇다 | T26: ⑤ 매우 그렇다 | U26: ⑤ 매우 그렇다 | V26: ⑤ 매우 그렇다 | W26: ⑤ 매우 그렇다 | X26: ⑤ 매우 그렇다 | Y26: ② 그렇지 않다 | Z26: ④ 그렇다 | AA26: ② 그렇지 않다 | AB26: ② 그렇지 않다 | AO26: 1
A27: R026 | B27: 27 | C27: 46315.544 | D27: CCTV YOLO-LLM 안전알림 도입 현장 | E27: 1 | H27: 발주청(공사감독·감리원 포함) | I27: 남성 | J27: 45 | K27: 12 | L27: 공사감독 | M27: 50억 원 이상∼120억 원 미만 | N27: 사무실 등에서 CCTV 화면을 직접 본다 | O27: 누군가 알려줄 때 | P27: 5분 초과∼30분 | Q27: ⑤ 매우 그렇다 | R27: ⑤ 매우 그렇다 | S27: ⑤ 매우 그렇다 | T27: ⑤ 매우 그렇다 | U27: ⑤ 매우 그렇다 | V27: ⑤ 매우 그렇다 | W27: ⑤ 매우 그렇다 | X27: ⑤ 매우 그렇다 | Y27: ② 그렇지 않다 | Z27: ② 그렇지 않다 | AA27: ② 그렇지 않다 | AB27: ⑤ 매우 그렇다 | AC27: ⑤ 매우 그렇다 | AD27: ⑤ 매우 그렇다 | AE27: ⑤ 매우 그렇다 | AF27: ⑤ 매우 그렇다 | AG27: ⑤ 매우 그렇다 | AH27: ⑤ 매우 그렇다 | AI27: ⑤ 매우 그렇다 | AJ27: ⑤ 매우 그렇다 | AK27: ⑤ 매우 그렇다 | AL27: ⑤ 매우 그렇다 | AM27: ⑤ 매우 그렇다 | AN27: ⑤ 매우 그렇다 | AO27: 1
A28: R027 | B28: 28 | C28: 46315.544 | D28: CCTV YOLO-LLM 안전알림 미도입 현장 | E28: 0 | H28: 발주청(공사감독·감리원 포함) | I28: 남성 | J28: 39 | K28: 15 | L28: 공사감독 | M28: 20억 원 미만 | N28: 알게 될 방법이 없다 | O28: 누군가 알려줄 때 | P28: 5분 초과∼30분 | Q28: ② 그렇지 않다 | R28: ③ 보통이다 | S28: ① 전혀 그렇지 않다 | T28: ② 그렇지 않다 | U28: ② 그렇지 않다 | V28: ① 전혀 그렇지 않다 | W28: ② 그렇지 않다 | X28: ② 그렇지 않다 | Y28: ⑤ 매우 그렇다 | Z28: ④ 그렇다 | AA28: ④ 그렇다 | AB28: ④ 그렇다 | AO28: 1
A29: R028 | B29: 29 | C29: 46315.547 | D29: CCTV YOLO-LLM 안전알림 도입 현장 | E29: 1 | H29: 시공사 | I29: 남성 | J29: 37 | K29: 11 | L29: 안전관리자 | M29: 120억 원 이상 | N29: 자동 알림(문자·메신저·앱)을 받는다 | O29: 다음 순찰 때 | P29: 5분 초과∼30분 | Q29: ④ 그렇다 | R29: ④ 그렇다 | S29: ④ 그렇다 | T29: ③ 보통이다 | U29: ③ 보통이다 | V29: ③ 보통이다 | W29: ⑤ 매우 그렇다 | X29: ⑤ 매우 그렇다 | Y29: ③ 보통이다 | Z29: ③ 보통이다 | AA29: ④ 그렇다 | AB29: ⑤ 매우 그렇다 | AC29: ③ 보통이다 | AD29: ② 그렇지 않다 | AE29: ③ 보통이다 | AF29: ② 그렇지 않다 | AG29: ③ 보통이다 | AH29: ③ 보통이다 | AI29: ② 그렇지 않다 | AJ29: ③ 보통이다 | AK29: ③ 보통이다 | AL29: ③ 보통이다 | AM29: ④ 그렇다 | AN29: ③ 보통이다 | AO29: 1
A30: R029 | B30: 30 | C30: 46315.548 | D30: CCTV YOLO-LLM 안전알림 미도입 현장 | E30: 0 | H30: 시공사 | I30: 남성 | J30: 32 | K30: 5 | L30: 안전관리자 | M30: 120억 원 이상 | N30: 사무실 등에서 CCTV 화면을 직접 본다 | O30: 누군가 알려줄 때 | P30: 즉시∼5분 | Q30: ④ 그렇다 | R30: ④ 그렇다 | S30: ③ 보통이다 | T30: ④ 그렇다 | U30: ④ 그렇다 | V30: ⑤ 매우 그렇다 | W30: ⑤ 매우 그렇다 | X30: ⑤ 매우 그렇다 | Y30: ④ 그렇다 | Z30: ④ 그렇다 | AA30: ③ 보통이다 | AB30: ④ 그렇다 | AO30: 1
A31: R030 | B31: 31 | C31: 46315.548 | D31: CCTV YOLO-LLM 안전알림 미도입 현장 | E31: 0 | H31: 발주청(공사감독·감리원 포함) | I31: 여성 | J31: 24 | K31: 1 | L31: . | M31: 20억 원 이상∼50억 원 미만 | N31: 작업자나 반장의 전화·보고 | O31: 누군가 알려줄 때 | P31: 5분 초과∼30분 | Q31: ④ 그렇다 | R31: ④ 그렇다 | S31: ④ 그렇다 | T31: ④ 그렇다 | U31: ④ 그렇다 | V31: ④ 그렇다 | W31: ④ 그렇다 | X31: ④ 그렇다 | Y31: ④ 그렇다 | Z31: ④ 그렇다 | AA31: ④ 그렇다 | AB31: ④ 그렇다 | AO31: 1
A32: R031 | B32: 32 | C32: 46315.548 | D32: CCTV YOLO-LLM 안전알림 도입 현장 | E32: 1 | H32: 발주청(공사감독·감리원 포함) | I32: 남성 | J32: 30 | K32: 4 | L32: 공사감독 | M32: 50억 원 이상∼120억 원 미만 | N32: 작업자나 반장의 전화·보고 | O32: 누군가 알려줄 때 | P32: 30분 초과∼1시간 | Q32: ④ 그렇다 | R32: ④ 그렇다 | S32: ④ 그렇다 | T32: ④ 그렇다 | U32: ④ 그렇다 | V32: ④ 그렇다 | W32: ④ 그렇다 | X32: ④ 그렇다 | Y32: ② 그렇지 않다 | Z32: ② 그렇지 않다 | AA32: ② 그렇지 않다 | AB32: ② 그렇지 않다 | AC32: ④ 그렇다 | AD32: ④ 그렇다 | AE32: ④ 그렇다 | AF32: ④ 그렇다 | AG32: ② 그렇지 않다 | AH32: ② 그렇지 않다 | AI32: ④ 그렇다 | AJ32: ③ 보통이다 | AK32: ① 전혀 그렇지 않다 | AL32: ② 그렇지 않다 | AM32: ⑤ 매우 그렇다 | AN32: ③ 보통이다 | AO32: 1
A33: R032 | B33: 33 | C33: 46315.549 | D33: CCTV YOLO-LLM 안전알림 미도입 현장 | E33: 0 | H33: 발주청(공사감독·감리원 포함) | I33: 남성 | J33: 52 | K33: 28 | L33: 공사감독 | M33: 120억 원 이상 | N33: 사무실 등에서 CCTV 화면을 직접 본다 | O33: 모르고 지나가는 경우가 많다 | P33: 30분 초과∼1시간 | Q33: ③ 보통이다 | R33: ③ 보통이다 | S33: ③ 보통이다 | T33: ③ 보통이다 | U33: ③ 보통이다 | V33: ③ 보통이다 | W33: ④ 그렇다 | X33: ③ 보통이다 | Y33: ⑤ 매우 그렇다 | Z33: ④ 그렇다 | AA33: ⑤ 매우 그렇다 | AB33: ⑤ 매우 그렇다 | AO33: 1
A34: R033 | B34: 34 | C34: 46315.55 | D34: CCTV YOLO-LLM 안전알림 도입 현장 | E34: 1 | H34: 시공사 | I34: 남성 | J34: 51 | K34: 30 | L34: 현장소장 | M34: 50억 원 이상∼120억 원 미만 | N34: 현장상주 미상주시 대체직원 상주 | O34: 다음 순찰 때 | P34: 즉시∼5분 | Q34: ④ 그렇다 | R34: ④ 그렇다 | S34: ④ 그렇다 | T34: ④ 그렇다 | U34: ④ 그렇다 | V34: ④ 그렇다 | W34: ④ 그렇다 | X34: ④ 그렇다 | Y34: ④ 그렇다 | Z34: ③ 보통이다 | AA34: ④ 그렇다 | AB34: ③ 보통이다 | AC34: ④ 그렇다 | AD34: ④ 그렇다 | AE34: ④ 그렇다 | AF34: ④ 그렇다 | AG34: ③ 보통이다 | AH34: ③ 보통이다 | AI34: ③ 보통이다 | AJ34: ③ 보통이다 | AK34: ③ 보통이다 | AL34: ③ 보통이다 | AM34: ④ 그렇다 | AN34: ③ 보통이다 | AO34: 1
A35: R034 | B35: 35 | C35: 46315.551 | D35: CCTV YOLO-LLM 안전알림 도입 현장 | E35: 1 | H35: 시공사 | I35: 남성 | J35: 58 | K35: 6 | L35: 안전관리자 | M35: 50억 원 이상∼120억 원 미만 | N35: 자동 알림(문자·메신저·앱)을 받는다 | O35: 발생 직후 알림으로 | P35: 즉시∼5분 | Q35: ④ 그렇다 | R35: ④ 그렇다 | S35: ④ 그렇다 | T35: ④ 그렇다 | U35: ④ 그렇다 | V35: ④ 그렇다 | W35: ④ 그렇다 | X35: ④ 그렇다 | Y35: ② 그렇지 않다 | Z35: ② 그렇지 않다 | AA35: ② 그렇지 않다 | AB35: ② 그렇지 않다 | AC35: ③ 보통이다 | AD35: ④ 그렇다 | AE35: ④ 그렇다 | AF35: ③ 보통이다 | AG35: ③ 보통이다 | AH35: ③ 보통이다 | AI35: ④ 그렇다 | AJ35: ③ 보통이다 | AK35: ④ 그렇다 | AL35: ④ 그렇다 | AM35: ④ 그렇다 | AN35: ④ 그렇다 | AO35: 1
A36: R035 | B36: 36 | C36: 46315.554 | D36: CCTV YOLO-LLM 안전알림 도입 현장 | E36: 1 | H36: 시공사 | I36: 남성 | J36: 46 | K36: 20 | L36: 현장소장 | M36: 120억 원 이상 | N36: 작업자나 반장의 전화·보고 | O36: 누군가 알려줄 때 | P36: 5분 초과∼30분 | Q36: ④ 그렇다 | R36: ④ 그렇다 | S36: ③ 보통이다 | T36: ③ 보통이다 | U36: ③ 보통이다 | V36: ④ 그렇다 | W36: ④ 그렇다 | X36: ④ 그렇다 | Y36: ④ 그렇다 | Z36: ④ 그렇다 | AA36: ④ 그렇다 | AB36: ④ 그렇다 | AC36: ③ 보통이다 | AD36: ③ 보통이다 | AE36: ④ 그렇다 | AF36: ③ 보통이다 | AG36: ③ 보통이다 | AH36: ④ 그렇다 | AI36: ⑤ 매우 그렇다 | AJ36: ③ 보통이다 | AK36: ① 전혀 그렇지 않다 | AL36: ② 그렇지 않다 | AM36: ④ 그렇다 | AN36: ⑤ 매우 그렇다 | AO36: 1
A37: R036 | B37: 37 | C37: 46315.56 | D37: CCTV YOLO-LLM 안전알림 미도입 현장 | E37: 0 | H37: 발주청(공사감독·감리원 포함) | I37: 남성 | J37: 60 | K37: 36 | L37: 공사감독 | M37: 120억 원 이상 | N37: 작업자나 반장의 전화·보고 | O37: 누군가 알려줄 때 | P37: 5분 초과∼30분 | Q37: ③ 보통이다 | R37: ③ 보통이다 | S37: ② 그렇지 않다 | T37: ③ 보통이다 | U37: ② 그렇지 않다 | V37: ② 그렇지 않다 | W37: ③ 보통이다 | X37: ③ 보통이다 | Y37: ② 그렇지 않다 | Z37: ② 그렇지 않다 | AA37: ③ 보통이다 | AB37: ② 그렇지 않다 | AO37: 1
A38: R037 | B38: 38 | C38: 46315.561 | D38: CCTV YOLO-LLM 안전알림 도입 현장 | E38: 1 | H38: 발주청(공사감독·감리원 포함) | I38: 남성 | J38: 56 | K38: 30 | L38: 사업관리(부장) | M38: 50억 원 이상∼120억 원 미만 | N38: 자동 알림(문자·메신저·앱)을 받는다 | O38: 발생 직후 알림으로 | P38: 즉시∼5분 | Q38: ③ 보통이다 | R38: ⑤ 매우 그렇다 | S38: ③ 보통이다 | T38: ⑤ 매우 그렇다 | U38: ④ 그렇다 | V38: ③ 보통이다 | W38: ⑤ 매우 그렇다 | X38: ⑤ 매우 그렇다 | Y38: ② 그렇지 않다 | Z38: ② 그렇지 않다 | AA38: ② 그렇지 않다 | AB38: ④ 그렇다 | AC38: ④ 그렇다 | AD38: ④ 그렇다 | AE38: ④ 그렇다 | AF38: ④ 그렇다 | AG38: ④ 그렇다 | AH38: ③ 보통이다 | AI38: ⑤ 매우 그렇다 | AJ38: ⑤ 매우 그렇다 | AK38: ⑤ 매우 그렇다 | AL38: ⑤ 매우 그렇다 | AM38: ⑤ 매우 그렇다 | AN38: ⑤ 매우 그렇다 | AO38: 1
A39: R038 | B39: 39 | C39: 46315.567 | D39: CCTV YOLO-LLM 안전알림 미도입 현장 | E39: 0 | H39: 시공사 | I39: 남성 | J39: 57 | K39: 32 | L39: 현장소장 | M39: 20억 원 미만 | N39: 현장상주 직접확인 | O39: 누군가 알려줄 때 | P39: 즉시∼5분 | Q39: ⑤ 매우 그렇다 | R39: ⑤ 매우 그렇다 | S39: ⑤ 매우 그렇다 | T39: ⑤ 매우 그렇다 | U39: ⑤ 매우 그렇다 | V39: ⑤ 매우 그렇다 | W39: ⑤ 매우 그렇다 | X39: ⑤ 매우 그렇다 | Y39: ① 전혀 그렇지 않다 | Z39: ① 전혀 그렇지 않다 | AA39: ① 전혀 그렇지 않다 | AB39: ① 전혀 그렇지 않다 | AO39: 1
A40: R039 | B40: 40 | C40: 46315.567 | D40: CCTV YOLO-LLM 안전알림 미도입 현장 | E40: 0 | H40: 발주청(공사감독·감리원 포함) | I40: 남성 | J40: 55 | K40: 25 | L40: 기술사사무소 | M40: 20억 원 미만 | N40: 알게 될 방법이 없다 | O40: 누군가 알려줄 때 | P40: 1시간 초과 또는 다음 순찰 때 | Q40: ③ 보통이다 | R40: ④ 그렇다 | S40: ② 그렇지 않다 | T40: ② 그렇지 않다 | U40: ② 그렇지 않다 | V40: ③ 보통이다 | W40: ③ 보통이다 | X40: ③ 보통이다 | Y40: ④ 그렇다 | Z40: ④ 그렇다 | AA40: ④ 그렇다 | AB40: ⑤ 매우 그렇다 | AO40: 1
A41: R040 | B41: 41 | C41: 46315.569 | D41: CCTV YOLO-LLM 안전알림 도입 현장 | E41: 1 | H41: 시공사 | I41: 남성 | J41: 59 | K41: 32 | L41: 현장소장 | M41: 50억 원 이상∼120억 원 미만 | N41: 작업자나 반장의 전화·보고 | O41: 누군가 알려줄 때 | P41: 즉시∼5분 | Q41: ④ 그렇다 | R41: ⑤ 매우 그렇다 | S41: ④ 그렇다 | T41: ④ 그렇다 | U41: ④ 그렇다 | V41: ⑤ 매우 그렇다 | W41: ⑤ 매우 그렇다 | X41: ⑤ 매우 그렇다 | Y41: ④ 그렇다 | Z41: ④ 그렇다 | AA41: ④ 그렇다 | AB41: ④ 그렇다 | AC41: ③ 보통이다 | AD41: ④ 그렇다 | AE41: ④ 그렇다 | AF41: ② 그렇지 않다 | AG41: ③ 보통이다 | AH41: ③ 보통이다 | AI41: ④ 그렇다 | AJ41: ③ 보통이다 | AK41: ② 그렇지 않다 | AL41: ② 그렇지 않다 | AM41: ③ 보통이다 | AN41: ② 그렇지 않다 | AO41: 1
A42: R041 | B42: 42 | C42: 46315.57 | D42: CCTV YOLO-LLM 안전알림 미도입 현장 | E42: 0 | H42: 발주청(공사감독·감리원 포함) | I42: 남성 | J42: 48 | K42: 14 | L42: 공사감독 | M42: 50억 원 이상∼120억 원 미만 | N42: 작업자나 반장의 전화·보고 | O42: 발생 직후 알림으로 | P42: 5분 초과∼30분 | Q42: ④ 그렇다 | R42: ⑤ 매우 그렇다 | S42: ⑤ 매우 그렇다 | T42: ⑤ 매우 그렇다 | U42: ⑤ 매우 그렇다 | V42: ⑤ 매우 그렇다 | W42: ⑤ 매우 그렇다 | X42: ⑤ 매우 그렇다 | Y42: ② 그렇지 않다 | Z42: ③ 보통이다 | AA42: ③ 보통이다 | AB42: ③ 보통이다 | AO42: 1
A43: R042 | B43: 43 | C43: 46315.572 | D43: CCTV YOLO-LLM 안전알림 미도입 현장 | E43: 0 | H43: 시공사 | I43: 남성 | J43: 48 | K43: 20 | L43: 현장소장 | M43: 20억 원 이상∼50억 원 미만 | N43: 작업자나 반장의 전화·보고 | O43: 누군가 알려줄 때 | P43: 5분 초과∼30분 | Q43: ④ 그렇다 | R43: ⑤ 매우 그렇다 | S43: ④ 그렇다 | T43: ④ 그렇다 | U43: ④ 그렇다 | V43: ④ 그렇다 | W43: ④ 그렇다 | X43: ④ 그렇다 | Y43: ④ 그렇다 | Z43: ④ 그렇다 | AA43: ④ 그렇다 | AB43: ④ 그렇다 | AO43: 1
A44: R043 | B44: 44 | C44: 46315.572 | D44: CCTV YOLO-LLM 안전알림 미도입 현장 | E44: 0 | H44: 시공사 | I44: 남성 | J44: 44 | K44: 17 | L44: 공사감독 | M44: 120억 원 이상 | N44: 작업자나 반장의 전화·보고 | O44: 누군가 알려줄 때 | P44: 5분 초과∼30분 | Q44: ③ 보통이다 | R44: ③ 보통이다 | S44: ③ 보통이다 | T44: ③ 보통이다 | U44: ③ 보통이다 | V44: ② 그렇지 않다 | W44: ④ 그렇다 | X44: ③ 보통이다 | Y44: ③ 보통이다 | Z44: ③ 보통이다 | AA44: ③ 보통이다 | AB44: ④ 그렇다 | AO44: 1
A45: R044 | B45: 45 | C45: 46315.578 | D45: CCTV YOLO-LLM 안전알림 미도입 현장 | E45: 0 | H45: 발주청(공사감독·감리원 포함) | I45: 여성 | J45: 34 | K45: 8 | L45: 공사감독 | M45: 20억 원 이상∼50억 원 미만 | N45: 작업자나 반장의 전화·보고 | O45: 모르고 지나가는 경우가 많다 | P45: 1시간 초과 또는 다음 순찰 때 | Q45: ③ 보통이다 | R45: ③ 보통이다 | S45: ③ 보통이다 | T45: ③ 보통이다 | U45: ③ 보통이다 | V45: ② 그렇지 않다 | W45: ③ 보통이다 | X45: ③ 보통이다 | Y45: ⑤ 매우 그렇다 | Z45: ⑤ 매우 그렇다 | AA45: ⑤ 매우 그렇다 | AB45: ⑤ 매우 그렇다 | AO45: 1
A46: R045 | B46: 46 | C46: 46315.579 | D46: CCTV YOLO-LLM 안전알림 도입 현장 | E46: 1 | H46: 시공사 | I46: 남성 | J46: 33 | K46: 8 | L46: 안전관리자 | M46: 50억 원 이상∼120억 원 미만 | N46: 작업자나 반장의 전화·보고 | O46: 다음 순찰 때 | P46: 즉시∼5분 | Q46: ④ 그렇다 | R46: ④ 그렇다 | S46: ④ 그렇다 | T46: ④ 그렇다 | U46: ⑤ 매우 그렇다 | V46: ④ 그렇다 | W46: ⑤ 매우 그렇다 | X46: ④ 그렇다 | Y46: ④ 그렇다 | Z46: ③ 보통이다 | AA46: ⑤ 매우 그렇다 | AB46: ③ 보통이다 | AC46: ④ 그렇다 | AD46: ④ 그렇다 | AE46: ③ 보통이다 | AF46: ② 그렇지 않다 | AG46: ③ 보통이다 | AH46: ① 전혀 그렇지 않다 | AI46: ④ 그렇다 | AJ46: ③ 보통이다 | AK46: ① 전혀 그렇지 않다 | AL46: ① 전혀 그렇지 않다 | AM46: ④ 그렇다 | AN46: ① 전혀 그렇지 않다 | AO46: 1
A47: R046 | B47: 47 | C47: 46315.592 | D47: CCTV YOLO-LLM 안전알림 미도입 현장 | E47: 0 | H47: 시공사 | I47: 남성 | J47: 45 | K47: 19 | L47: 공사감독 | M47: 120억 원 이상 | N47: 작업자나 반장의 전화·보고 | O47: 누군가 알려줄 때 | P47: 즉시∼5분 | Q47: ④ 그렇다 | R47: ④ 그렇다 | S47: ⑤ 매우 그렇다 | T47: ③ 보통이다 | U47: ② 그렇지 않다 | V47: ② 그렇지 않다 | W47: ④ 그렇다 | X47: ③ 보통이다 | Y47: ④ 그렇다 | Z47: ④ 그렇다 | AA47: ④ 그렇다 | AB47: ③ 보통이다 | AO47: 1
A48: R047 | B48: 48 | C48: 46315.596 | D48: CCTV YOLO-LLM 안전알림 미도입 현장 | E48: 0 | H48: 시공사 | I48: 남성 | J48: 30 | K48: 5 | L48: 안전관리자 | M48: 120억 원 이상 | N48: 사무실 등에서 CCTV 화면을 직접 본다 | O48: 누군가 알려줄 때 | P48: 즉시∼5분 | Q48: ④ 그렇다 | R48: ④ 그렇다 | S48: ④ 그렇다 | T48: ④ 그렇다 | U48: ④ 그렇다 | V48: ④ 그렇다 | W48: ④ 그렇다 | X48: ④ 그렇다 | Y48: ③ 보통이다 | Z48: ③ 보통이다 | AA48: ③ 보통이다 | AB48: ③ 보통이다 | AO48: 1
A49: R048 | B49: 49 | C49: 46315.6 | D49: CCTV YOLO-LLM 안전알림 미도입 현장 | E49: 0 | H49: 시공사 | I49: 남성 | J49: 55 | K49: 15 | L49: 안전관리자 | M49: 50억 원 이상∼120억 원 미만 | N49: 상주 근무자의 비상연락망 가동 | O49: 누군가 알려줄 때 | P49: 30분 초과∼1시간 | Q49: ④ 그렇다 | R49: ④ 그렇다 | S49: ④ 그렇다 | T49: ④ 그렇다 | U49: ④ 그렇다 | V49: ② 그렇지 않다 | W49: ④ 그렇다 | X49: ④ 그렇다 | Y49: ④ 그렇다 | Z49: ⑤ 매우 그렇다 | AA49: ⑤ 매우 그렇다 | AB49: ⑤ 매우 그렇다 | AO49: 1
A50: R049 | B50: 50 | C50: 46315.601 | D50: CCTV YOLO-LLM 안전알림 도입 현장 | E50: 1 | H50: 시공사 | I50: 남성 | J50: 63 | K50: 37 | L50: 현장소장 | M50: 20억 원 이상∼50억 원 미만 | N50: 자동 알림(문자·메신저·앱)을 받는다 | O50: 다음 순찰 때 | P50: 30분 초과∼1시간 | Q50: ④ 그렇다 | R50: ④ 그렇다 | S50: ④ 그렇다 | T50: ④ 그렇다 | U50: ③ 보통이다 | V50: ④ 그렇다 | W50: ④ 그렇다 | X50: ④ 그렇다 | Y50: ⑤ 매우 그렇다 | Z50: ④ 그렇다 | AA50: ⑤ 매우 그렇다 | AB50: ④ 그렇다 | AC50: ④ 그렇다 | AD50: ④ 그렇다 | AE50: ④ 그렇다 | AF50: ④ 그렇다 | AG50: ④ 그렇다 | AH50: ④ 그렇다 | AI50: ④ 그렇다 | AJ50: ④ 그렇다 | AK50: ④ 그렇다 | AL50: ④ 그렇다 | AM50: ④ 그렇다 | AN50: ④ 그렇다 | AO50: 1
A51: R050 | B51: 51 | C51: 46315.603 | D51: CCTV YOLO-LLM 안전알림 미도입 현장 | E51: 0 | H51: 시공사 | I51: 남성 | J51: 37 | K51: 13 | L51: 현장소장 | M51: 20억 원 이상∼50억 원 미만 | N51: 사무실 등에서 CCTV 화면을 직접 본다 | O51: 다음 순찰 때 | P51: 5분 초과∼30분 | Q51: ④ 그렇다 | R51: ④ 그렇다 | S51: ④ 그렇다 | T51: ④ 그렇다 | U51: ④ 그렇다 | V51: ④ 그렇다 | W51: ④ 그렇다 | X51: ④ 그렇다 | Y51: ④ 그렇다 | Z51: ④ 그렇다 | AA51: ④ 그렇다 | AB51: ④ 그렇다 | AO51: 1
A52: R051 | B52: 52 | C52: 46315.613 | D52: CCTV YOLO-LLM 안전알림 미도입 현장 | E52: 0 | H52: 시공사 | I52: 여성 | J52: 28 | K52: 4 | L52: 안전관리자 | M52: 120억 원 이상 | N52: 작업자나 반장의 전화·보고 | O52: 누군가 알려줄 때 | P52: 5분 초과∼30분 | Q52: ③ 보통이다 | R52: ② 그렇지 않다 | S52: ③ 보통이다 | T52: ③ 보통이다 | U52: ④ 그렇다 | V52: ② 그렇지 않다 | W52: ③ 보통이다 | X52: ③ 보통이다 | Y52: ② 그렇지 않다 | Z52: ② 그렇지 않다 | AA52: ② 그렇지 않다 | AB52: ② 그렇지 않다 | AO52: 1
A53: R052 | B53: 53 | C53: 46315.614 | D53: CCTV YOLO-LLM 안전알림 미도입 현장 | E53: 0 | H53: 발주청(공사감독·감리원 포함) | I53: 남성 | J53: 33 | K53: 7 | L53: 공사감독 | M53: 20억 원 이상∼50억 원 미만 | N53: 작업자나 반장의 전화·보고 | O53: 다음 순찰 때 | P53: 30분 초과∼1시간 | Q53: ④ 그렇다 | R53: ⑤ 매우 그렇다 | S53: ④ 그렇다 | T53: ④ 그렇다 | U53: ③ 보통이다 | V53: ④ 그렇다 | W53: ⑤ 매우 그렇다 | X53: ④ 그렇다 | Y53: ⑤ 매우 그렇다 | Z53: ⑤ 매우 그렇다 | AA53: ⑤ 매우 그렇다 | AB53: ④ 그렇다 | AO53: 1
A54: R053 | B54: 54 | C54: 46315.665 | D54: CCTV YOLO-LLM 안전알림 도입 현장 | E54: 1 | H54: 발주청(공사감독·감리원 포함) | I54: 남성 | J54: 45 | K54: 10 | L54: 공사감독 | M54: 20억 원 이상∼50억 원 미만 | N54: 사무실 등에서 CCTV 화면을 직접 본다 | O54: 다음 순찰 때 | P54: 5분 초과∼30분 | Q54: ⑤ 매우 그렇다 | R54: ⑤ 매우 그렇다 | S54: ⑤ 매우 그렇다 | T54: ⑤ 매우 그렇다 | U54: ⑤ 매우 그렇다 | V54: ④ 그렇다 | W54: ⑤ 매우 그렇다 | X54: ⑤ 매우 그렇다 | Y54: ① 전혀 그렇지 않다 | Z54: ① 전혀 그렇지 않다 | AA54: ⑤ 매우 그렇다 | AB54: ① 전혀 그렇지 않다 | AC54: ⑤ 매우 그렇다 | AD54: ⑤ 매우 그렇다 | AE54: ⑤ 매우 그렇다 | AF54: ⑤ 매우 그렇다 | AG54: ⑤ 매우 그렇다 | AH54: ③ 보통이다 | AI54: ⑤ 매우 그렇다 | AJ54: ⑤ 매우 그렇다 | AK54: ⑤ 매우 그렇다 | AL54: ⑤ 매우 그렇다 | AM54: ⑤ 매우 그렇다 | AN54: ⑤ 매우 그렇다 | AO54: 1
A55: R054 | B55: 55 | C55: 46315.707 | D55: CCTV YOLO-LLM 안전알림 도입 현장 | E55: 1 | H55: 시공사 | I55: 남성 | J55: 40 | K55: 10 | L55: 현장소장 | M55: 20억 원 미만 | N55: 작업자나 반장의 전화·보고 | O55: 다음 순찰 때 | P55: 5분 초과∼30분 | Q55: ④ 그렇다 | R55: ④ 그렇다 | S55: ③ 보통이다 | T55: ④ 그렇다 | U55: ③ 보통이다 | V55: ② 그렇지 않다 | W55: ④ 그렇다 | X55: ③ 보통이다 | Y55: ④ 그렇다 | Z55: ⑤ 매우 그렇다 | AA55: ⑤ 매우 그렇다 | AB55: ④ 그렇다 | AC55: ④ 그렇다 | AD55: ④ 그렇다 | AE55: ④ 그렇다 | AF55: ④ 그렇다 | AG55: ④ 그렇다 | AH55: ④ 그렇다 | AI55: ③ 보통이다 | AJ55: ③ 보통이다 | AK55: ④ 그렇다 | AL55: ④ 그렇다 | AM55: ② 그렇지 않다 | AN55: ③ 보통이다 | AO55: 1
A56: R055 | B56: 56 | C56: 46315.76 | D56: CCTV YOLO-LLM 안전알림 도입 현장 | E56: 1 | H56: 발주청(공사감독·감리원 포함) | I56: 남성 | J56: 35 | K56: 10 | L56: 사업관리(안전포함) | M56: 120억 원 이상 | N56: 사무실 등에서 CCTV 화면을 직접 본다 | O56: 모르고 지나가는 경우가 많다 | P56: 30분 초과∼1시간 | Q56: ③ 보통이다 | R56: ④ 그렇다 | S56: ④ 그렇다 | T56: ⑤ 매우 그렇다 | U56: ④ 그렇다 | V56: ② 그렇지 않다 | W56: ④ 그렇다 | X56: ④ 그렇다 | Y56: ④ 그렇다 | Z56: ④ 그렇다 | AA56: ③ 보통이다 | AB56: ③ 보통이다 | AC56: ④ 그렇다 | AD56: ④ 그렇다 | AE56: ④ 그렇다 | AF56: ④ 그렇다 | AG56: ⑤ 매우 그렇다 | AH56: ⑤ 매우 그렇다 | AI56: ⑤ 매우 그렇다 | AJ56: ⑤ 매우 그렇다 | AK56: ⑤ 매우 그렇다 | AL56: ⑤ 매우 그렇다 | AM56: ④ 그렇다 | AN56: ④ 그렇다 | AO56: 1
A57: R056 | B57: 57 | C57: 46315.815 | D57: CCTV YOLO-LLM 안전알림 미도입 현장 | E57: 0 | H57: 발주청(공사감독·감리원 포함) | I57: 여성 | J57: 39 | K57: 13 | L57: 공사감독 | M57: 20억 원 미만 | N57: 작업자나 반장의 전화·보고 | O57: 누군가 알려줄 때 | P57: 30분 초과∼1시간 | Q57: ② 그렇지 않다 | R57: ② 그렇지 않다 | S57: ① 전혀 그렇지 않다 | T57: ① 전혀 그렇지 않다 | U57: ① 전혀 그렇지 않다 | V57: ① 전혀 그렇지 않다 | W57: ② 그렇지 않다 | X57: ① 전혀 그렇지 않다 | Y57: ⑤ 매우 그렇다 | Z57: ⑤ 매우 그렇다 | AA57: ⑤ 매우 그렇다 | AB57: ⑤ 매우 그렇다 | AO57: 1
A58: R057 | B58: 58 | C58: 46315.827 | D58: CCTV YOLO-LLM 안전알림 미도입 현장 | E58: 0 | H58: 시공사 | I58: 남성 | J58: 59 | K58: 12 | L58: 안전관리자 | M58: 50억 원 이상∼120억 원 미만 | N58: 작업자나 반장의 전화·보고 | O58: 다음 순찰 때 | P58: 즉시∼5분 | Q58: ③ 보통이다 | R58: ④ 그렇다 | S58: ② 그렇지 않다 | T58: ② 그렇지 않다 | U58: ⑤ 매우 그렇다 | V58: ④ 그렇다 | W58: ④ 그렇다 | X58: ④ 그렇다 | Y58: ⑤ 매우 그렇다 | Z58: ⑤ 매우 그렇다 | AA58: ④ 그렇다 | AB58: ③ 보통이다 | AO58: 1
A59: R058 | B59: 59 | C59: 46315.829 | D59: CCTV YOLO-LLM 안전알림 도입 현장 | E59: 1 | H59: 발주청(공사감독·감리원 포함) | I59: 남성 | J59: 37 | K59: 4 | L59: 공사감독 | M59: 20억 원 이상∼50억 원 미만 | N59: 사무실 등에서 CCTV 화면을 직접 본다 | O59: 누군가 알려줄 때 | P59: 5분 초과∼30분 | Q59: ④ 그렇다 | R59: ④ 그렇다 | S59: ③ 보통이다 | T59: ④ 그렇다 | U59: ③ 보통이다 | V59: ④ 그렇다 | W59: ④ 그렇다 | X59: ④ 그렇다 | Y59: ④ 그렇다 | Z59: ③ 보통이다 | AA59: ③ 보통이다 | AB59: ③ 보통이다 | AC59: ③ 보통이다 | AD59: ④ 그렇다 | AE59: ③ 보통이다 | AF59: ③ 보통이다 | AG59: ③ 보통이다 | AH59: ③ 보통이다 | AI59: ③ 보통이다 | AJ59: ③ 보통이다 | AK59: ④ 그렇다 | AL59: ③ 보통이다 | AM59: ③ 보통이다 | AN59: ③ 보통이다 | AO59: 1
A60: R059 | B60: 60 | C60: 46315.911 | D60: CCTV YOLO-LLM 안전알림 미도입 현장 | E60: 0 | H60: 시공사 | I60: 남성 | J60: 63 | K60: 36 | L60: 현장소장 | M60: 50억 원 이상∼120억 원 미만 | N60: 작업자나 반장의 전화·보고 | O60: 누군가 알려줄 때 | P60: 5분 초과∼30분 | Q60: ④ 그렇다 | R60: ④ 그렇다 | S60: ③ 보통이다 | T60: ④ 그렇다 | U60: ③ 보통이다 | V60: ③ 보통이다 | W60: ④ 그렇다 | X60: ③ 보통이다 | Y60: ③ 보통이다 | Z60: ③ 보통이다 | AA60: ④ 그렇다 | AB60: ④ 그렇다 | AO60: 1
A61: R060 | B61: 61 | C61: 46315.919 | D61: CCTV YOLO-LLM 안전알림 미도입 현장 | E61: 0 | H61: 시공사 | I61: 여성 | J61: 35 | K61: 4 | L61: 안전관리자 | M61: 50억 원 이상∼120억 원 미만 | N61: 작업자나 반장의 전화·보고 | O61: 누군가 알려줄 때 | P61: 즉시∼5분 | Q61: ③ 보통이다 | R61: ④ 그렇다 | S61: ③ 보통이다 | T61: ④ 그렇다 | U61: ③ 보통이다 | V61: ③ 보통이다 | W61: ④ 그렇다 | X61: ④ 그렇다 | Y61: ④ 그렇다 | Z61: ④ 그렇다 | AA61: ④ 그렇다 | AB61: ③ 보통이다 | AO61: 1
A62: R061 | B62: 62 | C62: 46316.404 | D62: CCTV YOLO-LLM 안전알림 미도입 현장 | E62: 0 | H62: 시공사 | I62: 남성 | J62: 32 | K62: 2 | L62: 안전관리자 | M62: 120억 원 이상 | N62: 작업자나 반장의 전화·보고 | O62: 누군가 알려줄 때 | P62: 즉시∼5분 | Q62: ④ 그렇다 | R62: ④ 그렇다 | S62: ④ 그렇다 | T62: ④ 그렇다 | U62: ④ 그렇다 | V62: ④ 그렇다 | W62: ④ 그렇다 | X62: ④ 그렇다 | Y62: ③ 보통이다 | Z62: ③ 보통이다 | AA62: ③ 보통이다 | AB62: ③ 보통이다 | AO62: 1
A63: R062 | B63: 63 | C63: 46316.411 | D63: CCTV YOLO-LLM 안전알림 도입 현장 | E63: 1 | H63: 발주청(공사감독·감리원 포함) | I63: 남성 | J63: 46 | K63: 6 | L63: 공사감독 | M63: 120억 원 이상 | N63: 사무실 등에서 CCTV 화면을 직접 본다 | O63: 모르고 지나가는 경우가 많다 | P63: 5분 초과∼30분 | Q63: ③ 보통이다 | R63: ③ 보통이다 | S63: ④ 그렇다 | T63: ② 그렇지 않다 | U63: ② 그렇지 않다 | V63: ② 그렇지 않다 | W63: ③ 보통이다 | X63: ③ 보통이다 | Y63: ② 그렇지 않다 | Z63: ② 그렇지 않다 | AA63: ② 그렇지 않다 | AB63: ② 그렇지 않다 | AC63: ③ 보통이다 | AD63: ③ 보통이다 | AE63: ③ 보통이다 | AF63: ④ 그렇다 | AG63: ④ 그렇다 | AH63: ④ 그렇다 | AI63: ④ 그렇다 | AJ63: ⑤ 매우 그렇다 | AK63: ⑤ 매우 그렇다 | AL63: ⑤ 매우 그렇다 | AM63: ⑤ 매우 그렇다 | AN63: ④ 그렇다 | AO63: 1
A64: R063 | B64: 64 | C64: 46316.471 | D64: CCTV YOLO-LLM 안전알림 미도입 현장 | E64: 0 | H64: 시공사 | I64: 남성 | J64: 61 | K64: 30 | L64: 현장소장 | M64: 120억 원 이상 | N64: 작업자나 반장의 전화·보고 | O64: 누군가 알려줄 때 | P64: 즉시∼5분 | Q64: ④ 그렇다 | R64: ④ 그렇다 | S64: ③ 보통이다 | T64: ④ 그렇다 | U64: ④ 그렇다 | V64: ③ 보통이다 | W64: ④ 그렇다 | X64: ④ 그렇다 | Y64: ③ 보통이다 | Z64: ④ 그렇다 | AA64: ④ 그렇다 | AB64: ④ 그렇다 | AO64: 1
A65: R064 | B65: 65 | C65: 46316.599 | D65: CCTV YOLO-LLM 안전알림 미도입 현장 | E65: 0 | H65: 발주청(공사감독·감리원 포함) | I65: 남성 | J65: 39 | K65: 2 | L65: 공사감독 | M65: 50억 원 이상∼120억 원 미만 | N65: 사무실 등에서 CCTV 화면을 직접 본다 | O65: 누군가 알려줄 때 | P65: 즉시∼5분 | Q65: ④ 그렇다 | R65: ④ 그렇다 | S65: ④ 그렇다 | T65: ④ 그렇다 | U65: ③ 보통이다 | V65: ② 그렇지 않다 | W65: ④ 그렇다 | X65: ③ 보통이다 | Y65: ④ 그렇다 | Z65: ④ 그렇다 | AA65: ④ 그렇다 | AB65: ④ 그렇다 | AO65: 1
A66: R065 | B66: 66 | C66: 46316.611 | D66: CCTV YOLO-LLM 안전알림 도입 현장 | E66: 1 | H66: 시공사 | I66: 남성 | J66: 53 | K66: 23 | L66: 안전관리자 | M66: 120억 원 이상 | N66: 사무실 등에서 CCTV 화면을 직접 본다 | O66: 누군가 알려줄 때 | P66: 5분 초과∼30분 | Q66: ③ 보통이다 | R66: ④ 그렇다 | S66: ③ 보통이다 | T66: ③ 보통이다 | U66: ③ 보통이다 | V66: ③ 보통이다 | W66: ④ 그렇다 | X66: ④ 그렇다 | Y66: ③ 보통이다 | Z66: ③ 보통이다 | AA66: ⑤ 매우 그렇다 | AB66: ② 그렇지 않다 | AC66: ④ 그렇다 | AD66: ① 전혀 그렇지 않다 | AE66: ⑤ 매우 그렇다 | AF66: ③ 보통이다 | AG66: ③ 보통이다 | AH66: ③ 보통이다 | AI66: ④ 그렇다 | AJ66: ③ 보통이다 | AK66: ② 그렇지 않다 | AL66: ② 그렇지 않다 | AM66: ③ 보통이다 | AN66: ③ 보통이다 | AO66: 1
A67: R066 | B67: 67 | C67: 46316.636 | D67: CCTV YOLO-LLM 안전알림 미도입 현장 | E67: 0 | H67: 시공사 | I67: 여성 | J67: 50 | K67: 26 | L67: 공사감독 | M67: 20억 원 미만 | N67: 작업자나 반장의 전화·보고 | O67: 누군가 알려줄 때 | P67: 30분 초과∼1시간 | Q67: ③ 보통이다 | R67: ③ 보통이다 | S67: ③ 보통이다 | T67: ③ 보통이다 | U67: ③ 보통이다 | V67: ③ 보통이다 | W67: ③ 보통이다 | X67: ③ 보통이다 | Y67: ⑤ 매우 그렇다 | Z67: ④ 그렇다 | AA67: ④ 그렇다 | AB67: ④ 그렇다 | AO67: 1
A68: R067 | B68: 68 | C68: 46316.675 | D68: CCTV YOLO-LLM 안전알림 미도입 현장 | E68: 0 | H68: 시공사 | I68: 남성 | J68: 54 | K68: 5 | L68: 안전관리자 | M68: 50억 원 이상∼120억 원 미만 | N68: 작업자나 반장의 전화·보고 | O68: 누군가 알려줄 때 | P68: 즉시∼5분 | Q68: ③ 보통이다 | R68: ⑤ 매우 그렇다 | S68: ④ 그렇다 | T68: ④ 그렇다 | U68: ④ 그렇다 | V68: ④ 그렇다 | W68: ④ 그렇다 | X68: ⑤ 매우 그렇다 | Y68: ⑤ 매우 그렇다 | Z68: ⑤ 매우 그렇다 | AA68: ⑤ 매우 그렇다 | AB68: ⑤ 매우 그렇다 | AO68: 1
A69: R068 | B69: 69 | C69: 46316.749 | D69: CCTV YOLO-LLM 안전알림 미도입 현장 | E69: 0 | H69: 발주청(공사감독·감리원 포함) | I69: 남성 | J69: 45 | K69: 21 | L69: 공사감독 | M69: 120억 원 이상 | N69: 작업자나 반장의 전화·보고 | O69: 누군가 알려줄 때 | P69: 5분 초과∼30분 | Q69: ③ 보통이다 | R69: ③ 보통이다 | S69: ③ 보통이다 | T69: ④ 그렇다 | U69: ④ 그렇다 | V69: ② 그렇지 않다 | W69: ② 그렇지 않다 | X69: ③ 보통이다 | Y69: ⑤ 매우 그렇다 | Z69: ⑤ 매우 그렇다 | AA69: ⑤ 매우 그렇다 | AB69: ⑤ 매우 그렇다 | AO69: 1
A70: R069 | B70: 70 | C70: 46316.763 | D70: CCTV YOLO-LLM 안전알림 미도입 현장 | E70: 0 | H70: 시공사 | I70: 남성 | J70: 67 | K70: 10 | L70: 안전관리자 | M70: 120억 원 이상 | N70: 작업자나 반장의 전화·보고 | O70: 누군가 알려줄 때 | P70: 5분 초과∼30분 | Q70: ③ 보통이다 | R70: ④ 그렇다 | S70: ② 그렇지 않다 | T70: ③ 보통이다 | U70: ② 그렇지 않다 | V70: ③ 보통이다 | W70: ④ 그렇다 | X70: ③ 보통이다 | Y70: ④ 그렇다 | Z70: ④ 그렇다 | AA70: ④ 그렇다 | AB70: ③ 보통이다 | AO70: 1
A71: R070 | B71: 71 | C71: 46317.528 | D71: CCTV YOLO-LLM 안전알림 도입 현장 | E71: 1 | H71: 발주청(공사감독·감리원 포함) | I71: 남성 | J71: 33 | K71: 6 | L71: 안전관리자 | M71: 50억 원 이상∼120억 원 미만 | N71: 사무실 등에서 CCTV 화면을 직접 본다 | O71: 모르고 지나가는 경우가 많다 | P71: 5분 초과∼30분 | Q71: ⑤ 매우 그렇다 | R71: ⑤ 매우 그렇다 | S71: ⑤ 매우 그렇다 | T71: ⑤ 매우 그렇다 | U71: ④ 그렇다 | V71: ② 그렇지 않다 | W71: ③ 보통이다 | X71: ⑤ 매우 그렇다 | Y71: ④ 그렇다 | Z71: ⑤ 매우 그렇다 | AA71: ⑤ 매우 그렇다 | AB71: ⑤ 매우 그렇다 | AC71: ① 전혀 그렇지 않다 | AD71: ③ 보통이다 | AE71: ③ 보통이다 | AF71: ③ 보통이다 | AG71: ③ 보통이다 | AH71: ③ 보통이다 | AI71: ③ 보통이다 | AJ71: ④ 그렇다 | AK71: ③ 보통이다 | AL71: ④ 그렇다 | AM71: ④ 그렇다 | AN71: ④ 그렇다 | AO71: 1
A72: R071 | B72: 72 | C72: 46318.398 | D72: CCTV YOLO-LLM 안전알림 도입 현장 | E72: 1 | H72: 시공사 | I72: 남성 | J72: 54 | K72: 18 | L72: 현장소장 | M72: 120억 원 이상 | N72: 자동 알림(문자·메신저·앱)을 받는다 | O72: 발생 직후 알림으로 | P72: 즉시∼5분 | Q72: ④ 그렇다 | R72: ⑤ 매우 그렇다 | S72: ④ 그렇다 | T72: ⑤ 매우 그렇다 | U72: ⑤ 매우 그렇다 | V72: ⑤ 매우 그렇다 | W72: ⑤ 매우 그렇다 | X72: ⑤ 매우 그렇다 | Y72: ③ 보통이다 | Z72: ③ 보통이다 | AA72: ③ 보통이다 | AB72: ③ 보통이다 | AC72: ④ 그렇다 | AD72: ④ 그렇다 | AE72: ④ 그렇다 | AF72: ④ 그렇다 | AG72: ④ 그렇다 | AH72: ④ 그렇다 | AI72: ④ 그렇다 | AJ72: ④ 그렇다 | AK72: ④ 그렇다 | AL72: ④ 그렇다 | AM72: ④ 그렇다 | AN72: ④ 그렇다 | AO72: 1
A73: R072 | B73: 73 | C73: 46318.446 | D73: CCTV YOLO-LLM 안전알림 도입 현장 | E73: 1 | H73: 시공사 | I73: 남성 | J73: 53 | K73: 25 | L73: 공무 | M73: 50억 원 이상∼120억 원 미만 | N73: 작업자나 반장의 전화·보고 | O73: 누군가 알려줄 때 | P73: 1시간 초과 또는 다음 순찰 때 | Q73: ④ 그렇다 | R73: ④ 그렇다 | S73: ④ 그렇다 | T73: ④ 그렇다 | U73: ④ 그렇다 | V73: ④ 그렇다 | W73: ④ 그렇다 | X73: ⑤ 매우 그렇다 | Y73: ② 그렇지 않다 | Z73: ② 그렇지 않다 | AA73: ② 그렇지 않다 | AB73: ② 그렇지 않다 | AC73: ④ 그렇다 | AD73: ④ 그렇다 | AE73: ④ 그렇다 | AF73: ④ 그렇다 | AG73: ④ 그렇다 | AH73: ④ 그렇다 | AI73: ④ 그렇다 | AJ73: ④ 그렇다 | AK73: ③ 보통이다 | AL73: ④ 그렇다 | AM73: ④ 그렇다 | AN73: ③ 보통이다 | AO73: 1
A74: R073 | B74: 74 | C74: 46318.486 | D74: CCTV YOLO-LLM 안전알림 미도입 현장 | E74: 0 | H74: 발주청(공사감독·감리원 포함) | I74: 남성 | J74: 37 | K74: 2 | L74: 설계자 | M74: 120억 원 이상 | N74: 작업자나 반장의 전화·보고 | O74: 모르고 지나가는 경우가 많다 | P74: 30분 초과∼1시간 | Q74: ① 전혀 그렇지 않다 | R74: ⑤ 매우 그렇다 | S74: ③ 보통이다 | T74: ① 전혀 그렇지 않다 | U74: ⑤ 매우 그렇다 | V74: ② 그렇지 않다 | W74: ③ 보통이다 | X74: ② 그렇지 않다 | Y74: ⑤ 매우 그렇다 | Z74: ⑤ 매우 그렇다 | AA74: ⑤ 매우 그렇다 | AB74: ④ 그렇다 | AO74: 1

Sheet 코딩자료
A1: resp_id | B1: 원본행 | C1: group | D1: A1_소속 | E1: A2_성별 | F1: A3_나이 | G1: A4_경력 | H1: A5_역할 | I1: A5_기타텍스트 | J1: A6_총공사비 | K1: A7_인지경로 | L1: A7_기타텍스트 | M1: A8_인지시점 | N1: A9_전달소요 | O1: B1 | P1: B2 | Q1: B3 | R1: B4 | S1: B5 | T1: B6 | U1: B7 | V1: B8 | W1: C1 | X1: C2 | Y1: C3 | Z1: C4 | AA1: D1 | AB1: D2 | AC1: D3 | AD1: D4 | AE1: D5 | AF1: D6 | AG1: D7 | AH1: D8 | AI1: E1 | AJ1: E2 | AK1: E3 | AL1: E4 | AM1: Y_total | AN1: Y1_조기인지 | AO1: Y2_대응신속성 | AP1: Y3_원격파악 | AQ1: Y4_순찰부담경감 | AR1: Y5_위험통제력 | AS1: W_예산제약 | AT1: D_sub1_인프라범용성 | AU1: D_sub2_탐지제어안정성 | AV1: D_sub3_오탐필터링 | AW1: D_sub4_알림전파즉각성 | AX1: D_total | AY1: E_total | AZ1: sys_path | BA1: include | BB1: exclude_reason
A2: R001 | B2: 2 | C2: 1 | D2: 2 | E2: 1 | F2: 34 | G2: 6 | H2: 1 | J2: 3 | K2: 3 | M2: 3 | N2: 2 | O2: 3 | P2: 3 | Q2: 3 | R2: 3 | S2: 3 | T2: 3 | U2: 3 | V2: 3 | W2: 3 | X2: 3 | Y2: 3 | Z2: 3 | AA2: 3 | AB2: 3 | AC2: 3 | AD2: 3 | AE2: 3 | AF2: 3 | AG2: 3 | AH2: 3 | AI2: 3 | AJ2: 3 | AK2: 3 | AL2: 3 | AM2: =IF(COUNT(O2:V2)<8,"",AVERAGE(O2:V2)) -> 3 | AN2: =IF(COUNT(O2:O2)<1,"",AVERAGE(O2:O2)) -> 3 | AO2: =IF(COUNT(P2:P2)<1,"",AVERAGE(P2:P2)) -> 3 | AP2: =IF(COUNT(Q2:R2)<2,"",AVERAGE(Q2:R2)) -> 3 | AQ2: =IF(COUNT(S2:T2)<2,"",AVERAGE(S2:T2)) -> 3 | AR2: =IF(COUNT(U2:V2)<2,"",AVERAGE(U2:V2)) -> 3 | AS2: =IF(COUNT(W2:Z2)<4,"",AVERAGE(W2:Z2)) -> 3 | AT2: =IF($C2<>1,"",IF(COUNT(AA2:AB2)<2,"",AVERAGE(AA2:AB2))) -> 3 | AU2: =IF($C2<>1,"",IF(COUNT(AC2:AD2)<2,"",AVERAGE(AC2:AD2))) -> 3 | AV2: =IF($C2<>1,"",IF(COUNT(AE2:AF2)<2,"",AVERAGE(AE2:AF2))) -> 3 | AW2: =IF($C2<>1,"",IF(COUNT(AG2:AH2)<2,"",AVERAGE(AG2:AH2))) -> 3 | AX2: =IF($C2<>1,"",IF(COUNT(AA2:AH2)<8,"",AVERAGE(AA2:AH2))) -> 3 | AY2: =IF($C2<>1,"",IF(COUNT(AI2:AL2)<4,"",AVERAGE(AI2:AL2))) -> 3 | AZ2: =IF($C2<>1,"",IF(OR(K2="",M2=""),"",IF(AND(OR(K2=3,K2=4),M2=3),1,0))) -> 1 | BA2: 0 | BB2: 시험 응답(현장명 '테스트')
A3: R002 | B3: 3 | C3: 1 | D3: 2 | E3: 1 | F3: 38 | G3: 11 | H3: 1 | J3: 1 | K3: 1 | M3: 1 | N3: 1 | O3: 5 | P3: 5 | Q3: 5 | R3: 5 | S3: 5 | T3: 5 | U3: 5 | V3: 5 | W3: 5 | X3: 5 | Y3: 5 | Z3: 5 | AA3: 5 | AB3: 5 | AC3: 5 | AD3: 5 | AE3: 5 | AF3: 5 | AG3: 5 | AH3: 5 | AI3: 5 | AJ3: 5 | AK3: 5 | AL3: 5 | AM3: =IF(COUNT(O3:V3)<8,"",AVERAGE(O3:V3)) -> 5 | AN3: =IF(COUNT(O3:O3)<1,"",AVERAGE(O3:O3)) -> 5 | AO3: =IF(COUNT(P3:P3)<1,"",AVERAGE(P3:P3)) -> 5 | AP3: =IF(COUNT(Q3:R3)<2,"",AVERAGE(Q3:R3)) -> 5 | AQ3: =IF(COUNT(S3:T3)<2,"",AVERAGE(S3:T3)) -> 5 | AR3: =IF(COUNT(U3:V3)<2,"",AVERAGE(U3:V3)) -> 5 | AS3: =IF(COUNT(W3:Z3)<4,"",AVERAGE(W3:Z3)) -> 5 | AT3: =IF($C3<>1,"",IF(COUNT(AA3:AB3)<2,"",AVERAGE(AA3:AB3))) -> 5 | AU3: =IF($C3<>1,"",IF(COUNT(AC3:AD3)<2,"",AVERAGE(AC3:AD3))) -> 5 | AV3: =IF($C3<>1,"",IF(COUNT(AE3:AF3)<2,"",AVERAGE(AE3:AF3))) -> 5 | AW3: =IF($C3<>1,"",IF(COUNT(AG3:AH3)<2,"",AVERAGE(AG3:AH3))) -> 5 | AX3: =IF($C3<>1,"",IF(COUNT(AA3:AH3)<8,"",AVERAGE(AA3:AH3))) -> 5 | AY3: =IF($C3<>1,"",IF(COUNT(AI3:AL3)<4,"",AVERAGE(AI3:AL3))) -> 5 | AZ3: =IF($C3<>1,"",IF(OR(K3="",M3=""),"",IF(AND(OR(K3=3,K3=4),M3=3),1,0))) -> 0 | BA3: 0 | BB3: 연구자 본인 시험 응답(현장명 '없음')
A4: R003 | B4: 4 | C4: 0 | D4: 1 | E4: 1 | F4: 58 | G4: 35 | H4: 3 | J4: 2 | K4: 2 | M4: 2 | N4: 2 | O4: 3 | P4: 3 | Q4: 2 | R4: 2 | S4: 2 | T4: 3 | U4: 3 | V4: 4 | W4: 4 | X4: 4 | Y4: 4 | Z4: 4 | AM4: =IF(COUNT(O4:V4)<8,"",AVERAGE(O4:V4)) -> 2.75 | AN4: =IF(COUNT(O4:O4)<1,"",AVERAGE(O4:O4)) -> 3 | AO4: =IF(COUNT(P4:P4)<1,"",AVERAGE(P4:P4)) -> 3 | AP4: =IF(COUNT(Q4:R4)<2,"",AVERAGE(Q4:R4)) -> 2 | AQ4: =IF(COUNT(S4:T4)<2,"",AVERAGE(S4:T4)) -> 2.5 | AR4: =IF(COUNT(U4:V4)<2,"",AVERAGE(U4:V4)) -> 3.5 | AS4: =IF(COUNT(W4:Z4)<4,"",AVERAGE(W4:Z4)) -> 4 | AT4: =IF($C4<>1,"",IF(COUNT(AA4:AB4)<2,"",AVERAGE(AA4:AB4))) | AU4: =IF($C4<>1,"",IF(COUNT(AC4:AD4)<2,"",AVERAGE(AC4:AD4))) | AV4: =IF($C4<>1,"",IF(COUNT(AE4:AF4)<2,"",AVERAGE(AE4:AF4))) | AW4: =IF($C4<>1,"",IF(COUNT(AG4:AH4)<2,"",AVERAGE(AG4:AH4))) | AX4: =IF($C4<>1,"",IF(COUNT(AA4:AH4)<8,"",AVERAGE(AA4:AH4))) | AY4: =IF($C4<>1,"",IF(COUNT(AI4:AL4)<4,"",AVERAGE(AI4:AL4))) | AZ4: =IF($C4<>1,"",IF(OR(K4="",M4=""),"",IF(AND(OR(K4=3,K4=4),M4=3),1,0))) | BA4: 1
A5: R004 | B5: 5 | C5: 0 | D5: 1 | E5: 1 | F5: 63 | G5: 34 | H5: 3 | J5: 3 | K5: 2 | M5: 2 | N5: 2 | O5: 4 | P5: 4 | Q5: 4 | R5: 3 | S5: 3 | T5: 4 | U5: 4 | V5: 3 | W5: 3 | X5: 3 | Y5: 3 | Z5: 3 | AM5: =IF(COUNT(O5:V5)<8,"",AVERAGE(O5:V5)) -> 3.625 | AN5: =IF(COUNT(O5:O5)<1,"",AVERAGE(O5:O5)) -> 4 | AO5: =IF(COUNT(P5:P5)<1,"",AVERAGE(P5:P5)) -> 4 | AP5: =IF(COUNT(Q5:R5)<2,"",AVERAGE(Q5:R5)) -> 3.5 | AQ5: =IF(COUNT(S5:T5)<2,"",AVERAGE(S5:T5)) -> 3.5 | AR5: =IF(COUNT(U5:V5)<2,"",AVERAGE(U5:V5)) -> 3.5 | AS5: =IF(COUNT(W5:Z5)<4,"",AVERAGE(W5:Z5)) -> 3 | AT5: =IF($C5<>1,"",IF(COUNT(AA5:AB5)<2,"",AVERAGE(AA5:AB5))) | AU5: =IF($C5<>1,"",IF(COUNT(AC5:AD5)<2,"",AVERAGE(AC5:AD5))) | AV5: =IF($C5<>1,"",IF(COUNT(AE5:AF5)<2,"",AVERAGE(AE5:AF5))) | AW5: =IF($C5<>1,"",IF(COUNT(AG5:AH5)<2,"",AVERAGE(AG5:AH5))) | AX5: =IF($C5<>1,"",IF(COUNT(AA5:AH5)<8,"",AVERAGE(AA5:AH5))) | AY5: =IF($C5<>1,"",IF(COUNT(AI5:AL5)<4,"",AVERAGE(AI5:AL5))) | AZ5: =IF($C5<>1,"",IF(OR(K5="",M5=""),"",IF(AND(OR(K5=3,K5=4),M5=3),1,0))) | BA5: 1
A6: R005 | B6: 6 | C6: 1 | D6: 2 | E6: 1 | F6: 48 | G6: 9 | H6: 1 | J6: 3 | K6: 2 | M6: 1 | N6: 1 | O6: 3 | P6: 4 | Q6: 3 | R6: 4 | S6: 4 | T6: 4 | U6: 4 | V6: 4 | W6: 3 | X6: 3 | Y6: 3 | Z6: 3 | AA6: 3 | AB6: 3 | AC6: 4 | AD6: 4 | AE6: 4 | AF6: 3 | AG6: 4 | AH6: 4 | AI6: 4 | AJ6: 4 | AK6: 4 | AL6: 4 | AM6: =IF(COUNT(O6:V6)<8,"",AVERAGE(O6:V6)) -> 3.75 | AN6: =IF(COUNT(O6:O6)<1,"",AVERAGE(O6:O6)) -> 3 | AO6: =IF(COUNT(P6:P6)<1,"",AVERAGE(P6:P6)) -> 4 | AP6: =IF(COUNT(Q6:R6)<2,"",AVERAGE(Q6:R6)) -> 3.5 | AQ6: =IF(COUNT(S6:T6)<2,"",AVERAGE(S6:T6)) -> 4 | AR6: =IF(COUNT(U6:V6)<2,"",AVERAGE(U6:V6)) -> 4 | AS6: =IF(COUNT(W6:Z6)<4,"",AVERAGE(W6:Z6)) -> 3 | AT6: =IF($C6<>1,"",IF(COUNT(AA6:AB6)<2,"",AVERAGE(AA6:AB6))) -> 3 | AU6: =IF($C6<>1,"",IF(COUNT(AC6:AD6)<2,"",AVERAGE(AC6:AD6))) -> 4 | AV6: =IF($C6<>1,"",IF(COUNT(AE6:AF6)<2,"",AVERAGE(AE6:AF6))) -> 3.5 | AW6: =IF($C6<>1,"",IF(COUNT(AG6:AH6)<2,"",AVERAGE(AG6:AH6))) -> 4 | AX6: =IF($C6<>1,"",IF(COUNT(AA6:AH6)<8,"",AVERAGE(AA6:AH6))) -> 3.625 | AY6: =IF($C6<>1,"",IF(COUNT(AI6:AL6)<4,"",AVERAGE(AI6:AL6))) -> 4 | AZ6: =IF($C6<>1,"",IF(OR(K6="",M6=""),"",IF(AND(OR(K6=3,K6=4),M6=3),1,0))) -> 0 | BA6: 1
A7: R006 | B7: 7 | C7: 1 | D7: 1 | E7: 1 | F7: 50 | G7: 25 | H7: 2 | J7: 4 | K7: 2 | M7: 1 | N7: 2 | O7: 3 | P7: 3 | Q7: 4 | R7: 4 | S7: 4 | T7: 4 | U7: 4 | V7: 4 | W7: 5 | X7: 5 | Y7: 5 | Z7: 4 | AA7: 4 | AB7: 4 | AC7: 4 | AD7: 4 | AE7: 4 | AF7: 4 | AG7: 4 | AH7: 4 | AI7: 4 | AJ7: 4 | AK7: 4 | AL7: 4 | AM7: =IF(COUNT(O7:V7)<8,"",AVERAGE(O7:V7)) -> 3.75 | AN7: =IF(COUNT(O7:O7)<1,"",AVERAGE(O7:O7)) -> 3 | AO7: =IF(COUNT(P7:P7)<1,"",AVERAGE(P7:P7)) -> 3 | AP7: =IF(COUNT(Q7:R7)<2,"",AVERAGE(Q7:R7)) -> 4 | AQ7: =IF(COUNT(S7:T7)<2,"",AVERAGE(S7:T7)) -> 4 | AR7: =IF(COUNT(U7:V7)<2,"",AVERAGE(U7:V7)) -> 4 | AS7: =IF(COUNT(W7:Z7)<4,"",AVERAGE(W7:Z7)) -> 4.75 | AT7: =IF($C7<>1,"",IF(COUNT(AA7:AB7)<2,"",AVERAGE(AA7:AB7))) -> 4 | AU7: =IF($C7<>1,"",IF(COUNT(AC7:AD7)<2,"",AVERAGE(AC7:AD7))) -> 4 | AV7: =IF($C7<>1,"",IF(COUNT(AE7:AF7)<2,"",AVERAGE(AE7:AF7))) -> 4 | AW7: =IF($C7<>1,"",IF(COUNT(AG7:AH7)<2,"",AVERAGE(AG7:AH7))) -> 4 | AX7: =IF($C7<>1,"",IF(COUNT(AA7:AH7)<8,"",AVERAGE(AA7:AH7))) -> 4 | AY7: =IF($C7<>1,"",IF(COUNT(AI7:AL7)<4,"",AVERAGE(AI7:AL7))) -> 4 | AZ7: =IF($C7<>1,"",IF(OR(K7="",M7=""),"",IF(AND(OR(K7=3,K7=4),M7=3),1,0))) -> 0 | BA7: 1
A8: R007 | B8: 8 | C8: 0 | D8: 1 | E8: 1 | F8: 51 | G8: 26 | H8: 2 | J8: 4 | K8: 2 | M8: 2 | N8: 1 | O8: 4 | P8: 4 | Q8: 4 | R8: 4 | S8: 3 | T8: 4 | U8: 4 | V8: 4 | W8: 4 | X8: 4 | Y8: 4 | Z8: 4 | AM8: =IF(COUNT(O8:V8)<8,"",AVERAGE(O8:V8)) -> 3.875 | AN8: =IF(COUNT(O8:O8)<1,"",AVERAGE(O8:O8)) -> 4 | AO8: =IF(COUNT(P8:P8)<1,"",AVERAGE(P8:P8)) -> 4 | AP8: =IF(COUNT(Q8:R8)<2,"",AVERAGE(Q8:R8)) -> 4 | AQ8: =IF(COUNT(S8:T8)<2,"",AVERAGE(S8:T8)) -> 3.5 | AR8: =IF(COUNT(U8:V8)<2,"",AVERAGE(U8:V8)) -> 4 | AS8: =IF(COUNT(W8:Z8)<4,"",AVERAGE(W8:Z8)) -> 4 | AT8: =IF($C8<>1,"",IF(COUNT(AA8:AB8)<2,"",AVERAGE(AA8:AB8))) | AU8: =IF($C8<>1,"",IF(COUNT(AC8:AD8)<2,"",AVERAGE(AC8:AD8))) | AV8: =IF($C8<>1,"",IF(COUNT(AE8:AF8)<2,"",AVERAGE(AE8:AF8))) | AW8: =IF($C8<>1,"",IF(COUNT(AG8:AH8)<2,"",AVERAGE(AG8:AH8))) | AX8: =IF($C8<>1,"",IF(COUNT(AA8:AH8)<8,"",AVERAGE(AA8:AH8))) | AY8: =IF($C8<>1,"",IF(COUNT(AI8:AL8)<4,"",AVERAGE(AI8:AL8))) | AZ8: =IF($C8<>1,"",IF(OR(K8="",M8=""),"",IF(AND(OR(K8=3,K8=4),M8=3),1,0))) | BA8: 1
A9: R008 | B9: 9 | C9: 0 | D9: 1 | E9: 1 | F9: 43 | G9: 1 | H9: 3 | J9: 2 | K9: 2 | M9: 2 | N9: 1 | O9: 4 | P9: 3 | Q9: 3 | R9: 4 | S9: 3 | T9: 2 | U9: 3 | V9: 4 | W9: 3 | X9: 4 | Y9: 4 | Z9: 3 | AM9: =IF(COUNT(O9:V9)<8,"",AVERAGE(O9:V9)) -> 3.25 | AN9: =IF(COUNT(O9:O9)<1,"",AVERAGE(O9:O9)) -> 4 | AO9: =IF(COUNT(P9:P9)<1,"",AVERAGE(P9:P9)) -> 3 | AP9: =IF(COUNT(Q9:R9)<2,"",AVERAGE(Q9:R9)) -> 3.5 | AQ9: =IF(COUNT(S9:T9)<2,"",AVERAGE(S9:T9)) -> 2.5 | AR9: =IF(COUNT(U9:V9)<2,"",AVERAGE(U9:V9)) -> 3.5 | AS9: =IF(COUNT(W9:Z9)<4,"",AVERAGE(W9:Z9)) -> 3.5 | AT9: =IF($C9<>1,"",IF(COUNT(AA9:AB9)<2,"",AVERAGE(AA9:AB9))) | AU9: =IF($C9<>1,"",IF(COUNT(AC9:AD9)<2,"",AVERAGE(AC9:AD9))) | AV9: =IF($C9<>1,"",IF(COUNT(AE9:AF9)<2,"",AVERAGE(AE9:AF9))) | AW9: =IF($C9<>1,"",IF(COUNT(AG9:AH9)<2,"",AVERAGE(AG9:AH9))) | AX9: =IF($C9<>1,"",IF(COUNT(AA9:AH9)<8,"",AVERAGE(AA9:AH9))) | AY9: =IF($C9<>1,"",IF(COUNT(AI9:AL9)<4,"",AVERAGE(AI9:AL9))) | AZ9: =IF($C9<>1,"",IF(OR(K9="",M9=""),"",IF(AND(OR(K9=3,K9=4),M9=3),1,0))) | BA9: 1
A10: R009 | B10: 10 | C10: 1 | D10: 2 | E10: 1 | F10: 32 | G10: 2 | H10: 1 | J10: 3 | K10: 3 | M10: 2 | N10: 3 | O10: 5 | P10: 5 | Q10: 5 | R10: 5 | S10: 5 | T10: 5 | U10: 5 | V10: 5 | W10: 3 | X10: 3 | Y10: 2 | Z10: 2 | AA10: 5 | AB10: 5 | AC10: 5 | AD10: 5 | AE10: 5 | AF10: 5 | AG10: 5 | AH10: 5 | AI10: 5 | AJ10: 5 | AK10: 5 | AL10: 5 | AM10: =IF(COUNT(O10:V10)<8,"",AVERAGE(O10:V10)) -> 5 | AN10: =IF(COUNT(O10:O10)<1,"",AVERAGE(O10:O10)) -> 5 | AO10: =IF(COUNT(P10:P10)<1,"",AVERAGE(P10:P10)) -> 5 | AP10: =IF(COUNT(Q10:R10)<2,"",AVERAGE(Q10:R10)) -> 5 | AQ10: =IF(COUNT(S10:T10)<2,"",AVERAGE(S10:T10)) -> 5 | AR10: =IF(COUNT(U10:V10)<2,"",AVERAGE(U10:V10)) -> 5 | AS10: =IF(COUNT(W10:Z10)<4,"",AVERAGE(W10:Z10)) -> 2.5 | AT10: =IF($C10<>1,"",IF(COUNT(AA10:AB10)<2,"",AVERAGE(AA10:AB10))) -> 5 | AU10: =IF($C10<>1,"",IF(COUNT(AC10:AD10)<2,"",AVERAGE(AC10:AD10))) -> 5 | AV10: =IF($C10<>1,"",IF(COUNT(AE10:AF10)<2,"",AVERAGE(AE10:AF10))) -> 5 | AW10: =IF($C10<>1,"",IF(COUNT(AG10:AH10)<2,"",AVERAGE(AG10:AH10))) -> 5 | AX10: =IF($C10<>1,"",IF(COUNT(AA10:AH10)<8,"",AVERAGE(AA10:AH10))) -> 5 | AY10: =IF($C10<>1,"",IF(COUNT(AI10:AL10)<4,"",AVERAGE(AI10:AL10))) -> 5 | AZ10: =IF($C10<>1,"",IF(OR(K10="",M10=""),"",IF(AND(OR(K10=3,K10=4),M10=3),1,0))) -> 0 | BA10: 1
A11: R010 | B11: 11 | C11: 1 | D11: 2 | E11: 1 | F11: 32 | G11: 5 | H11: 1 | J11: 2 | K11: 4 | M11: 3 | N11: 2 | O11: 2 | P11: 3 | Q11: 3 | R11: 3 | S11: 3 | T11: 3 | U11: 4 | V11: 3 | W11: 4 | X11: 4 | Y11: 4 | Z11: 4 | AA11: 4 | AB11: 3 | AC11: 3 | AD11: 3 | AE11: 2 | AF11: 2 | AG11: 4 | AH11: 3 | AI11: 3 | AJ11: 3 | AK11: 3 | AL11: 3 | AM11: =IF(COUNT(O11:V11)<8,"",AVERAGE(O11:V11)) -> 3 | AN11: =IF(COUNT(O11:O11)<1,"",AVERAGE(O11:O11)) -> 2 | AO11: =IF(COUNT(P11:P11)<1,"",AVERAGE(P11:P11)) -> 3 | AP11: =IF(COUNT(Q11:R11)<2,"",AVERAGE(Q11:R11)) -> 3 | AQ11: =IF(COUNT(S11:T11)<2,"",AVERAGE(S11:T11)) -> 3 | AR11: =IF(COUNT(U11:V11)<2,"",AVERAGE(U11:V11)) -> 3.5 | AS11: =IF(COUNT(W11:Z11)<4,"",AVERAGE(W11:Z11)) -> 4 | AT11: =IF($C11<>1,"",IF(COUNT(AA11:AB11)<2,"",AVERAGE(AA11:AB11))) -> 3.5 | AU11: =IF($C11<>1,"",IF(COUNT(AC11:AD11)<2,"",AVERAGE(AC11:AD11))) -> 3 | AV11: =IF($C11<>1,"",IF(COUNT(AE11:AF11)<2,"",AVERAGE(AE11:AF11))) -> 2 | AW11: =IF($C11<>1,"",IF(COUNT(AG11:AH11)<2,"",AVERAGE(AG11:AH11))) -> 3.5 | AX11: =IF($C11<>1,"",IF(COUNT(AA11:AH11)<8,"",AVERAGE(AA11:AH11))) -> 3 | AY11: =IF($C11<>1,"",IF(COUNT(AI11:AL11)<4,"",AVERAGE(AI11:AL11))) -> 3 | AZ11: =IF($C11<>1,"",IF(OR(K11="",M11=""),"",IF(AND(OR(K11=3,K11=4),M11=3),1,0))) -> 1 | BA11: 1
A12: R011 | B12: 12 | C12: 1 | D12: 2 | E12: 1 | F12: 49 | G12: 1 | H12: 1 | J12: 3 | K12: 2 | M12: 2 | N12: 2 | O12: 2 | P12: 3 | Q12: 3 | R12: 2 | S12: 5 | T12: 2 | U12: 3 | V12: 3 | W12: 2 | X12: 2 | Y12: 2 | Z12: 2 | AA12: 4 | AB12: 4 | AC12: 4 | AD12: 4 | AE12: 3 | AF12: 3 | AG12: 4 | AH12: 4 | AI12: 3 | AJ12: 3 | AK12: 2 | AL12: 2 | AM12: =IF(COUNT(O12:V12)<8,"",AVERAGE(O12:V12)) -> 2.875 | AN12: =IF(COUNT(O12:O12)<1,"",AVERAGE(O12:O12)) -> 2 | AO12: =IF(COUNT(P12:P12)<1,"",AVERAGE(P12:P12)) -> 3 | AP12: =IF(COUNT(Q12:R12)<2,"",AVERAGE(Q12:R12)) -> 2.5 | AQ12: =IF(COUNT(S12:T12)<2,"",AVERAGE(S12:T12)) -> 3.5 | AR12: =IF(COUNT(U12:V12)<2,"",AVERAGE(U12:V12)) -> 3 | AS12: =IF(COUNT(W12:Z12)<4,"",AVERAGE(W12:Z12)) -> 2 | AT12: =IF($C12<>1,"",IF(COUNT(AA12:AB12)<2,"",AVERAGE(AA12:AB12))) -> 4 | AU12: =IF($C12<>1,"",IF(COUNT(AC12:AD12)<2,"",AVERAGE(AC12:AD12))) -> 4 | AV12: =IF($C12<>1,"",IF(COUNT(AE12:AF12)<2,"",AVERAGE(AE12:AF12))) -> 3 | AW12: =IF($C12<>1,"",IF(COUNT(AG12:AH12)<2,"",AVERAGE(AG12:AH12))) -> 4 | AX12: =IF($C12<>1,"",IF(COUNT(AA12:AH12)<8,"",AVERAGE(AA12:AH12))) -> 3.75 | AY12: =IF($C12<>1,"",IF(COUNT(AI12:AL12)<4,"",AVERAGE(AI12:AL12))) -> 2.5 | AZ12: =IF($C12<>1,"",IF(OR(K12="",M12=""),"",IF(AND(OR(K12=3,K12=4),M12=3),1,0))) -> 0 | BA12: 1
A13: R012 | B13: 13 | C13: 1 | D13: 2 | E13: 1 | F13: 30 | G13: 3 | H13: 1 | J13: 2 | K13: 4 | M13: 2 | N13: 2 | O13: 4 | P13: 5 | Q13: 3 | R13: 4 | S13: 4 | T13: 3 | U13: 4 | V13: 4 | W13: 2 | X13: 2 | Y13: 3 | Z13: 5 | AA13: 5 | AB13: 4 | AC13: 4 | AD13: 3 | AE13: 4 | AF13: 4 | AG13: 5 | AH13: 4 | AI13: 3 | AJ13: 2 | AK13: 2 | AL13: 2 | AM13: =IF(COUNT(O13:V13)<8,"",AVERAGE(O13:V13)) -> 3.875 | AN13: =IF(COUNT(O13:O13)<1,"",AVERAGE(O13:O13)) -> 4 | AO13: =IF(COUNT(P13:P13)<1,"",AVERAGE(P13:P13)) -> 5 | AP13: =IF(COUNT(Q13:R13)<2,"",AVERAGE(Q13:R13)) -> 3.5 | AQ13: =IF(COUNT(S13:T13)<2,"",AVERAGE(S13:T13)) -> 3.5 | AR13: =IF(COUNT(U13:V13)<2,"",AVERAGE(U13:V13)) -> 4 | AS13: =IF(COUNT(W13:Z13)<4,"",AVERAGE(W13:Z13)) -> 3 | AT13: =IF($C13<>1,"",IF(COUNT(AA13:AB13)<2,"",AVERAGE(AA13:AB13))) -> 4.5 | AU13: =IF($C13<>1,"",IF(COUNT(AC13:AD13)<2,"",AVERAGE(AC13:AD13))) -> 3.5 | AV13: =IF($C13<>1,"",IF(COUNT(AE13:AF13)<2,"",AVERAGE(AE13:AF13))) -> 4 | AW13: =IF($C13<>1,"",IF(COUNT(AG13:AH13)<2,"",AVERAGE(AG13:AH13))) -> 4.5 | AX13: =IF($C13<>1,"",IF(COUNT(AA13:AH13)<8,"",AVERAGE(AA13:AH13))) -> 4.125 | AY13: =IF($C13<>1,"",IF(COUNT(AI13:AL13)<4,"",AVERAGE(AI13:AL13))) -> 2.25 | AZ13: =IF($C13<>1,"",IF(OR(K13="",M13=""),"",IF(AND(OR(K13=3,K13=4),M13=3),1,0))) -> 0 | BA13: 1
A14: R013 | B14: 14 | C14: 1 | D14: 1 | E14: 1 | F14: 65 | G14: 12 | H14: 2 | J14: 4 | K14: 2 | M14: 4 | N14: 2 | O14: 3 | P14: 5 | Q14: 5 | R14: 5 | S14: 5 | T14: 5 | U14: 5 | V14: 5 | W14: 5 | X14: 5 | Y14: 5 | Z14: 5 | AA14: 5 | AB14: 5 | AC14: 5 | AD14: 5 | AE14: 5 | AF14: 5 | AG14: 5 | AH14: 5 | AI14: 5 | AJ14: 5 | AK14: 5 | AL14: 5 | AM14: =IF(COUNT(O14:V14)<8,"",AVERAGE(O14:V14)) -> 4.75 | AN14: =IF(COUNT(O14:O14)<1,"",AVERAGE(O14:O14)) -> 3 | AO14: =IF(COUNT(P14:P14)<1,"",AVERAGE(P14:P14)) -> 5 | AP14: =IF(COUNT(Q14:R14)<2,"",AVERAGE(Q14:R14)) -> 5 | AQ14: =IF(COUNT(S14:T14)<2,"",AVERAGE(S14:T14)) -> 5 | AR14: =IF(COUNT(U14:V14)<2,"",AVERAGE(U14:V14)) -> 5 | AS14: =IF(COUNT(W14:Z14)<4,"",AVERAGE(W14:Z14)) -> 5 | AT14: =IF($C14<>1,"",IF(COUNT(AA14:AB14)<2,"",AVERAGE(AA14:AB14))) -> 5 | AU14: =IF($C14<>1,"",IF(COUNT(AC14:AD14)<2,"",AVERAGE(AC14:AD14))) -> 5 | AV14: =IF($C14<>1,"",IF(COUNT(AE14:AF14)<2,"",AVERAGE(AE14:AF14))) -> 5 | AW14: =IF($C14<>1,"",IF(COUNT(AG14:AH14)<2,"",AVERAGE(AG14:AH14))) -> 5 | AX14: =IF($C14<>1,"",IF(COUNT(AA14:AH14)<8,"",AVERAGE(AA14:AH14))) -> 5 | AY14: =IF($C14<>1,"",IF(COUNT(AI14:AL14)<4,"",AVERAGE(AI14:AL14))) -> 5 | AZ14: =IF($C14<>1,"",IF(OR(K14="",M14=""),"",IF(AND(OR(K14=3,K14=4),M14=3),1,0))) -> 0 | BA14: 1
A15: R014 | B15: 15 | C15: 1 | D15: 1 | E15: 1 | F15: 53 | G15: 28 | H15: 3 | J15: 3 | K15: 3 | M15: 1 | N15: 1 | O15: 5 | P15: 5 | Q15: 5 | R15: 4 | S15: 4 | T15: 4 | U15: 5 | V15: 4 | W15: 4 | X15: 4 | Y15: 4 | Z15: 4 | AA15: 4 | AB15: 2 | AC15: 4 | AD15: 2 | AE15: 3 | AF15: 3 | AG15: 4 | AH15: 3 | AI15: 4 | AJ15: 4 | AK15: 2 | AL15: 4 | AM15: =IF(COUNT(O15:V15)<8,"",AVERAGE(O15:V15)) -> 4.5 | AN15: =IF(COUNT(O15:O15)<1,"",AVERAGE(O15:O15)) -> 5 | AO15: =IF(COUNT(P15:P15)<1,"",AVERAGE(P15:P15)) -> 5 | AP15: =IF(COUNT(Q15:R15)<2,"",AVERAGE(Q15:R15)) -> 4.5 | AQ15: =IF(COUNT(S15:T15)<2,"",AVERAGE(S15:T15)) -> 4 | AR15: =IF(COUNT(U15:V15)<2,"",AVERAGE(U15:V15)) -> 4.5 | AS15: =IF(COUNT(W15:Z15)<4,"",AVERAGE(W15:Z15)) -> 4 | AT15: =IF($C15<>1,"",IF(COUNT(AA15:AB15)<2,"",AVERAGE(AA15:AB15))) -> 3 | AU15: =IF($C15<>1,"",IF(COUNT(AC15:AD15)<2,"",AVERAGE(AC15:AD15))) -> 3 | AV15: =IF($C15<>1,"",IF(COUNT(AE15:AF15)<2,"",AVERAGE(AE15:AF15))) -> 3 | AW15: =IF($C15<>1,"",IF(COUNT(AG15:AH15)<2,"",AVERAGE(AG15:AH15))) -> 3.5 | AX15: =IF($C15<>1,"",IF(COUNT(AA15:AH15)<8,"",AVERAGE(AA15:AH15))) -> 3.125 | AY15: =IF($C15<>1,"",IF(COUNT(AI15:AL15)<4,"",AVERAGE(AI15:AL15))) -> 3.5 | AZ15: =IF($C15<>1,"",IF(OR(K15="",M15=""),"",IF(AND(OR(K15=3,K15=4),M15=3),1,0))) -> 0 | BA15: 1
A16: R015 | B16: 16 | C16: 1 | D16: 1 | E16: 1 | F16: 53 | G16: 23 | H16: 3 | J16: 3 | K16: 2 | M16: 2 | N16: 2 | O16: 4 | P16: 4 | Q16: 4 | R16: 3 | S16: 3 | T16: 4 | U16: 4 | V16: 4 | W16: 3 | X16: 3 | Y16: 5 | Z16: 4 | AA16: 3 | AB16: 3 | AC16: 3 | AD16: 3 | AE16: 3 | AF16: 3 | AG16: 4 | AH16: 4 | AI16: 3 | AJ16: 3 | AK16: 4 | AL16: 4 | AM16: =IF(COUNT(O16:V16)<8,"",AVERAGE(O16:V16)) -> 3.75 | AN16: =IF(COUNT(O16:O16)<1,"",AVERAGE(O16:O16)) -> 4 | AO16: =IF(COUNT(P16:P16)<1,"",AVERAGE(P16:P16)) -> 4 | AP16: =IF(COUNT(Q16:R16)<2,"",AVERAGE(Q16:R16)) -> 3.5 | AQ16: =IF(COUNT(S16:T16)<2,"",AVERAGE(S16:T16)) -> 3.5 | AR16: =IF(COUNT(U16:V16)<2,"",AVERAGE(U16:V16)) -> 4 | AS16: =IF(COUNT(W16:Z16)<4,"",AVERAGE(W16:Z16)) -> 3.75 | AT16: =IF($C16<>1,"",IF(COUNT(AA16:AB16)<2,"",AVERAGE(AA16:AB16))) -> 3 | AU16: =IF($C16<>1,"",IF(COUNT(AC16:AD16)<2,"",AVERAGE(AC16:AD16))) -> 3 | AV16: =IF($C16<>1,"",IF(COUNT(AE16:AF16)<2,"",AVERAGE(AE16:AF16))) -> 3 | AW16: =IF($C16<>1,"",IF(COUNT(AG16:AH16)<2,"",AVERAGE(AG16:AH16))) -> 4 | AX16: =IF($C16<>1,"",IF(COUNT(AA16:AH16)<8,"",AVERAGE(AA16:AH16))) -> 3.25 | AY16: =IF($C16<>1,"",IF(COUNT(AI16:AL16)<4,"",AVERAGE(AI16:AL16))) -> 3.5 | AZ16: =IF($C16<>1,"",IF(OR(K16="",M16=""),"",IF(AND(OR(K16=3,K16=4),M16=3),1,0))) -> 0 | BA16: 1
A17: R016 | B17: 17 | C17: 0 | D17: 1 | E17: 1 | F17: 52 | G17: 25 | H17: 3 | J17: 3 | K17: 3 | M17: 2 | N17: 1 | O17: 4 | P17: 4 | Q17: 3 | R17: 4 | S17: 4 | T17: 4 | U17: 4 | V17: 4 | W17: 2 | X17: 2 | Y17: 4 | Z17: 1 | AM17: =IF(COUNT(O17:V17)<8,"",AVERAGE(O17:V17)) -> 3.875 | AN17: =IF(COUNT(O17:O17)<1,"",AVERAGE(O17:O17)) -> 4 | AO17: =IF(COUNT(P17:P17)<1,"",AVERAGE(P17:P17)) -> 4 | AP17: =IF(COUNT(Q17:R17)<2,"",AVERAGE(Q17:R17)) -> 3.5 | AQ17: =IF(COUNT(S17:T17)<2,"",AVERAGE(S17:T17)) -> 4 | AR17: =IF(COUNT(U17:V17)<2,"",AVERAGE(U17:V17)) -> 4 | AS17: =IF(COUNT(W17:Z17)<4,"",AVERAGE(W17:Z17)) -> 2.25 | AT17: =IF($C17<>1,"",IF(COUNT(AA17:AB17)<2,"",AVERAGE(AA17:AB17))) | AU17: =IF($C17<>1,"",IF(COUNT(AC17:AD17)<2,"",AVERAGE(AC17:AD17))) | AV17: =IF($C17<>1,"",IF(COUNT(AE17:AF17)<2,"",AVERAGE(AE17:AF17))) | AW17: =IF($C17<>1,"",IF(COUNT(AG17:AH17)<2,"",AVERAGE(AG17:AH17))) | AX17: =IF($C17<>1,"",IF(COUNT(AA17:AH17)<8,"",AVERAGE(AA17:AH17))) | AY17: =IF($C17<>1,"",IF(COUNT(AI17:AL17)<4,"",AVERAGE(AI17:AL17))) | AZ17: =IF($C17<>1,"",IF(OR(K17="",M17=""),"",IF(AND(OR(K17=3,K17=4),M17=3),1,0))) | BA17: 1
A18: R017 | B18: 18 | C18: 1 | D18: 2 | E18: 1 | F18: 54 | G18: 20 | H18: 1 | J18: 4 | K18: 4 | M18: 3 | N18: 2 | O18: 3 | P18: 4 | Q18: 4 | R18: 4 | S18: 4 | T18: 4 | U18: 4 | V18: 4 | W18: 2 | X18: 2 | Y18: 2 | Z18: 2 | AA18: 3 | AB18: 4 | AC18: 4 | AD18: 4 | AE18: 3 | AF18: 3 | AG18: 4 | AH18: 3 | AI18: 4 | AJ18: 4 | AK18: 4 | AL18: 4 | AM18: =IF(COUNT(O18:V18)<8,"",AVERAGE(O18:V18)) -> 3.875 | AN18: =IF(COUNT(O18:O18)<1,"",AVERAGE(O18:O18)) -> 3 | AO18: =IF(COUNT(P18:P18)<1,"",AVERAGE(P18:P18)) -> 4 | AP18: =IF(COUNT(Q18:R18)<2,"",AVERAGE(Q18:R18)) -> 4 | AQ18: =IF(COUNT(S18:T18)<2,"",AVERAGE(S18:T18)) -> 4 | AR18: =IF(COUNT(U18:V18)<2,"",AVERAGE(U18:V18)) -> 4 | AS18: =IF(COUNT(W18:Z18)<4,"",AVERAGE(W18:Z18)) -> 2 | AT18: =IF($C18<>1,"",IF(COUNT(AA18:AB18)<2,"",AVERAGE(AA18:AB18))) -> 3.5 | AU18: =IF($C18<>1,"",IF(COUNT(AC18:AD18)<2,"",AVERAGE(AC18:AD18))) -> 4 | AV18: =IF($C18<>1,"",IF(COUNT(AE18:AF18)<2,"",AVERAGE(AE18:AF18))) -> 3 | AW18: =IF($C18<>1,"",IF(COUNT(AG18:AH18)<2,"",AVERAGE(AG18:AH18))) -> 3.5 | AX18: =IF($C18<>1,"",IF(COUNT(AA18:AH18)<8,"",AVERAGE(AA18:AH18))) -> 3.5 | AY18: =IF($C18<>1,"",IF(COUNT(AI18:AL18)<4,"",AVERAGE(AI18:AL18))) -> 4 | AZ18: =IF($C18<>1,"",IF(OR(K18="",M18=""),"",IF(AND(OR(K18=3,K18=4),M18=3),1,0))) -> 1 | BA18: 1
A19: R018 | B19: 19 | C19: 0 | D19: 1 | E19: 1 | F19: 28 | G19: 3 | H19: 2 | J19: 4 | K19: 2 | M19: 2 | N19: 2 | O19: 3 | P19: 3 | Q19: 2 | R19: 2 | S19: 2 | T19: 1 | U19: 2 | V19: 4 | W19: 1 | X19: 1 | Y19: 1 | Z19: 1 | AM19: =IF(COUNT(O19:V19)<8,"",AVERAGE(O19:V19)) -> 2.375 | AN19: =IF(COUNT(O19:O19)<1,"",AVERAGE(O19:O19)) -> 3 | AO19: =IF(COUNT(P19:P19)<1,"",AVERAGE(P19:P19)) -> 3 | AP19: =IF(COUNT(Q19:R19)<2,"",AVERAGE(Q19:R19)) -> 2 | AQ19: =IF(COUNT(S19:T19)<2,"",AVERAGE(S19:T19)) -> 1.5 | AR19: =IF(COUNT(U19:V19)<2,"",AVERAGE(U19:V19)) -> 3 | AS19: =IF(COUNT(W19:Z19)<4,"",AVERAGE(W19:Z19)) -> 1 | AT19: =IF($C19<>1,"",IF(COUNT(AA19:AB19)<2,"",AVERAGE(AA19:AB19))) | AU19: =IF($C19<>1,"",IF(COUNT(AC19:AD19)<2,"",AVERAGE(AC19:AD19))) | AV19: =IF($C19<>1,"",IF(COUNT(AE19:AF19)<2,"",AVERAGE(AE19:AF19))) | AW19: =IF($C19<>1,"",IF(COUNT(AG19:AH19)<2,"",AVERAGE(AG19:AH19))) | AX19: =IF($C19<>1,"",IF(COUNT(AA19:AH19)<8,"",AVERAGE(AA19:AH19))) | AY19: =IF($C19<>1,"",IF(COUNT(AI19:AL19)<4,"",AVERAGE(AI19:AL19))) | AZ19: =IF($C19<>1,"",IF(OR(K19="",M19=""),"",IF(AND(OR(K19=3,K19=4),M19=3),1,0))) | BA19: 1
A20: R019 | B20: 20 | C20: 1 | D20: 2 | E20: 1 | F20: 34 | G20: 2 | H20: 1 | J20: 2 | K20: 2 | M20: 1 | N20: 2 | O20: 3 | P20: 4 | Q20: 4 | R20: 4 | S20: 3 | T20: 3 | U20: 4 | V20: 4 | W20: 3 | X20: 3 | Y20: 3 | Z20: 3 | AA20: 3 | AB20: 4 | AC20: 3 | AD20: 3 | AE20: 2 | AF20: 3 | AG20: 4 | AH20: 3 | AI20: 4 | AJ20: 4 | AK20: 4 | AL20: 3 | AM20: =IF(COUNT(O20:V20)<8,"",AVERAGE(O20:V20)) -> 3.625 | AN20: =IF(COUNT(O20:O20)<1,"",AVERAGE(O20:O20)) -> 3 | AO20: =IF(COUNT(P20:P20)<1,"",AVERAGE(P20:P20)) -> 4 | AP20: =IF(COUNT(Q20:R20)<2,"",AVERAGE(Q20:R20)) -> 4 | AQ20: =IF(COUNT(S20:T20)<2,"",AVERAGE(S20:T20)) -> 3 | AR20: =IF(COUNT(U20:V20)<2,"",AVERAGE(U20:V20)) -> 4 | AS20: =IF(COUNT(W20:Z20)<4,"",AVERAGE(W20:Z20)) -> 3 | AT20: =IF($C20<>1,"",IF(COUNT(AA20:AB20)<2,"",AVERAGE(AA20:AB20))) -> 3.5 | AU20: =IF($C20<>1,"",IF(COUNT(AC20:AD20)<2,"",AVERAGE(AC20:AD20))) -> 3 | AV20: =IF($C20<>1,"",IF(COUNT(AE20:AF20)<2,"",AVERAGE(AE20:AF20))) -> 2.5 | AW20: =IF($C20<>1,"",IF(COUNT(AG20:AH20)<2,"",AVERAGE(AG20:AH20))) -> 3.5 | AX20: =IF($C20<>1,"",IF(COUNT(AA20:AH20)<8,"",AVERAGE(AA20:AH20))) -> 3.125 | AY20: =IF($C20<>1,"",IF(COUNT(AI20:AL20)<4,"",AVERAGE(AI20:AL20))) -> 3.75 | AZ20: =IF($C20<>1,"",IF(OR(K20="",M20=""),"",IF(AND(OR(K20=3,K20=4),M20=3),1,0))) -> 0 | BA20: 1
A21: R020 | B21: 21 | C21: 0 | D21: 1 | E21: 1 | F21: 65 | G21: 45 | H21: 3 | J21: 2 | K21: 5 | L21: 현장상주 | M21: 1 | N21: 1 | O21: 5 | P21: 5 | Q21: 5 | R21: 5 | S21: 5 | T21: 5 | U21: 5 | V21: 5 | W21: 1 | X21: 1 | Y21: 1 | Z21: 1 | AM21: =IF(COUNT(O21:V21)<8,"",AVERAGE(O21:V21)) -> 5 | AN21: =IF(COUNT(O21:O21)<1,"",AVERAGE(O21:O21)) -> 5 | AO21: =IF(COUNT(P21:P21)<1,"",AVERAGE(P21:P21)) -> 5 | AP21: =IF(COUNT(Q21:R21)<2,"",AVERAGE(Q21:R21)) -> 5 | AQ21: =IF(COUNT(S21:T21)<2,"",AVERAGE(S21:T21)) -> 5 | AR21: =IF(COUNT(U21:V21)<2,"",AVERAGE(U21:V21)) -> 5 | AS21: =IF(COUNT(W21:Z21)<4,"",AVERAGE(W21:Z21)) -> 1 | AT21: =IF($C21<>1,"",IF(COUNT(AA21:AB21)<2,"",AVERAGE(AA21:AB21))) | AU21: =IF($C21<>1,"",IF(COUNT(AC21:AD21)<2,"",AVERAGE(AC21:AD21))) | AV21: =IF($C21<>1,"",IF(COUNT(AE21:AF21)<2,"",AVERAGE(AE21:AF21))) | AW21: =IF($C21<>1,"",IF(COUNT(AG21:AH21)<2,"",AVERAGE(AG21:AH21))) | AX21: =IF($C21<>1,"",IF(COUNT(AA21:AH21)<8,"",AVERAGE(AA21:AH21))) | AY21: =IF($C21<>1,"",IF(COUNT(AI21:AL21)<4,"",AVERAGE(AI21:AL21))) | AZ21: =IF($C21<>1,"",IF(OR(K21="",M21=""),"",IF(AND(OR(K21=3,K21=4),M21=3),1,0))) | BA21: 1
A22: R021 | B22: 22 | C22: 1 | D22: 1 | E22: 1 | F22: 66 | G22: 33 | H22: 3 | J22: 1 | K22: 2 | M22: 1 | N22: 1 | O22: 5 | P22: 5 | Q22: 4 | R22: 4 | S22: 5 | T22: 4 | U22: 5 | V22: 5 | W22: 5 | X22: 5 | Y22: 5 | Z22: 5 | AA22: 1 | AB22: 2 | AC22: 4 | AD22: 4 | AE22: 5 | AF22: 5 | AG22: 5 | AH22: 5 | AI22: 5 | AJ22: 5 | AK22: 5 | AL22: 5 | AM22: =IF(COUNT(O22:V22)<8,"",AVERAGE(O22:V22)) -> 4.625 | AN22: =IF(COUNT(O22:O22)<1,"",AVERAGE(O22:O22)) -> 5 | AO22: =IF(COUNT(P22:P22)<1,"",AVERAGE(P22:P22)) -> 5 | AP22: =IF(COUNT(Q22:R22)<2,"",AVERAGE(Q22:R22)) -> 4 | AQ22: =IF(COUNT(S22:T22)<2,"",AVERAGE(S22:T22)) -> 4.5 | AR22: =IF(COUNT(U22:V22)<2,"",AVERAGE(U22:V22)) -> 5 | AS22: =IF(COUNT(W22:Z22)<4,"",AVERAGE(W22:Z22)) -> 5 | AT22: =IF($C22<>1,"",IF(COUNT(AA22:AB22)<2,"",AVERAGE(AA22:AB22))) -> 1.5 | AU22: =IF($C22<>1,"",IF(COUNT(AC22:AD22)<2,"",AVERAGE(AC22:AD22))) -> 4 | AV22: =IF($C22<>1,"",IF(COUNT(AE22:AF22)<2,"",AVERAGE(AE22:AF22))) -> 5 | AW22: =IF($C22<>1,"",IF(COUNT(AG22:AH22)<2,"",AVERAGE(AG22:AH22))) -> 5 | AX22: =IF($C22<>1,"",IF(COUNT(AA22:AH22)<8,"",AVERAGE(AA22:AH22))) -> 3.875 | AY22: =IF($C22<>1,"",IF(COUNT(AI22:AL22)<4,"",AVERAGE(AI22:AL22))) -> 5 | AZ22: =IF($C22<>1,"",IF(OR(K22="",M22=""),"",IF(AND(OR(K22=3,K22=4),M22=3),1,0))) -> 0 | BA22: 1
A23: R022 | B23: 23 | C23: 0 | D23: 1 | E23: 1 | F23: 56 | G23: 30 | H23: 3 | J23: 2 | K23: 2 | M23: 2 | N23: 2 | O23: 4 | P23: 5 | Q23: 3 | R23: 3 | S23: 3 | T23: 3 | U23: 4 | V23: 4 | W23: 3 | X23: 2 | Y23: 2 | Z23: 3 | AM23: =IF(COUNT(O23:V23)<8,"",AVERAGE(O23:V23)) -> 3.625 | AN23: =IF(COUNT(O23:O23)<1,"",AVERAGE(O23:O23)) -> 4 | AO23: =IF(COUNT(P23:P23)<1,"",AVERAGE(P23:P23)) -> 5 | AP23: =IF(COUNT(Q23:R23)<2,"",AVERAGE(Q23:R23)) -> 3 | AQ23: =IF(COUNT(S23:T23)<2,"",AVERAGE(S23:T23)) -> 3 | AR23: =IF(COUNT(U23:V23)<2,"",AVERAGE(U23:V23)) -> 4 | AS23: =IF(COUNT(W23:Z23)<4,"",AVERAGE(W23:Z23)) -> 2.5 | AT23: =IF($C23<>1,"",IF(COUNT(AA23:AB23)<2,"",AVERAGE(AA23:AB23))) | AU23: =IF($C23<>1,"",IF(COUNT(AC23:AD23)<2,"",AVERAGE(AC23:AD23))) | AV23: =IF($C23<>1,"",IF(COUNT(AE23:AF23)<2,"",AVERAGE(AE23:AF23))) | AW23: =IF($C23<>1,"",IF(COUNT(AG23:AH23)<2,"",AVERAGE(AG23:AH23))) | AX23: =IF($C23<>1,"",IF(COUNT(AA23:AH23)<8,"",AVERAGE(AA23:AH23))) | AY23: =IF($C23<>1,"",IF(COUNT(AI23:AL23)<4,"",AVERAGE(AI23:AL23))) | AZ23: =IF($C23<>1,"",IF(OR(K23="",M23=""),"",IF(AND(OR(K23=3,K23=4),M23=3),1,0))) | BA23: 1
A24: R023 | B24: 24 | C24: 0 | D24: 1 | E24: 1 | F24: 63 | G24: 33 | H24: 2 | J24: 4 | K24: 2 | M24: 1 | N24: 3 | O24: 3 | P24: 4 | Q24: 2 | R24: 2 | S24: 3 | T24: 3 | U24: 3 | V24: 3 | W24: 4 | X24: 4 | Y24: 4 | Z24: 4 | AM24: =IF(COUNT(O24:V24)<8,"",AVERAGE(O24:V24)) -> 2.875 | AN24: =IF(COUNT(O24:O24)<1,"",AVERAGE(O24:O24)) -> 3 | AO24: =IF(COUNT(P24:P24)<1,"",AVERAGE(P24:P24)) -> 4 | AP24: =IF(COUNT(Q24:R24)<2,"",AVERAGE(Q24:R24)) -> 2 | AQ24: =IF(COUNT(S24:T24)<2,"",AVERAGE(S24:T24)) -> 3 | AR24: =IF(COUNT(U24:V24)<2,"",AVERAGE(U24:V24)) -> 3 | AS24: =IF(COUNT(W24:Z24)<4,"",AVERAGE(W24:Z24)) -> 4 | AT24: =IF($C24<>1,"",IF(COUNT(AA24:AB24)<2,"",AVERAGE(AA24:AB24))) | AU24: =IF($C24<>1,"",IF(COUNT(AC24:AD24)<2,"",AVERAGE(AC24:AD24))) | AV24: =IF($C24<>1,"",IF(COUNT(AE24:AF24)<2,"",AVERAGE(AE24:AF24))) | AW24: =IF($C24<>1,"",IF(COUNT(AG24:AH24)<2,"",AVERAGE(AG24:AH24))) | AX24: =IF($C24<>1,"",IF(COUNT(AA24:AH24)<8,"",AVERAGE(AA24:AH24))) | AY24: =IF($C24<>1,"",IF(COUNT(AI24:AL24)<4,"",AVERAGE(AI24:AL24))) | AZ24: =IF($C24<>1,"",IF(OR(K24="",M24=""),"",IF(AND(OR(K24=3,K24=4),M24=3),1,0))) | BA24: 1
A25: R024 | B25: 25 | C25: 1 | D25: 1 | E25: 1 | F25: 64 | G25: 1 | H25: 3 | J25: 3 | K25: 5 | L25: 수시로 현장을 답사하여 확인한다 | M25: 2 | N25: 1 | O25: 5 | P25: 5 | Q25: 5 | R25: 5 | S25: 5 | T25: 5 | U25: 5 | V25: 5 | W25: 3 | X25: 1 | Y25: 1 | Z25: 1 | AA25: 5 | AB25: 5 | AC25: 5 | AD25: 1 | AE25: 2 | AF25: 3 | AG25: 5 | AH25: 5 | AI25: 1 | AJ25: 1 | AK25: 5 | AL25: 1 | AM25: =IF(COUNT(O25:V25)<8,"",AVERAGE(O25:V25)) -> 5 | AN25: =IF(COUNT(O25:O25)<1,"",AVERAGE(O25:O25)) -> 5 | AO25: =IF(COUNT(P25:P25)<1,"",AVERAGE(P25:P25)) -> 5 | AP25: =IF(COUNT(Q25:R25)<2,"",AVERAGE(Q25:R25)) -> 5 | AQ25: =IF(COUNT(S25:T25)<2,"",AVERAGE(S25:T25)) -> 5 | AR25: =IF(COUNT(U25:V25)<2,"",AVERAGE(U25:V25)) -> 5 | AS25: =IF(COUNT(W25:Z25)<4,"",AVERAGE(W25:Z25)) -> 1.5 | AT25: =IF($C25<>1,"",IF(COUNT(AA25:AB25)<2,"",AVERAGE(AA25:AB25))) -> 5 | AU25: =IF($C25<>1,"",IF(COUNT(AC25:AD25)<2,"",AVERAGE(AC25:AD25))) -> 3 | AV25: =IF($C25<>1,"",IF(COUNT(AE25:AF25)<2,"",AVERAGE(AE25:AF25))) -> 2.5 | AW25: =IF($C25<>1,"",IF(COUNT(AG25:AH25)<2,"",AVERAGE(AG25:AH25))) -> 5 | AX25: =IF($C25<>1,"",IF(COUNT(AA25:AH25)<8,"",AVERAGE(AA25:AH25))) -> 3.875 | AY25: =IF($C25<>1,"",IF(COUNT(AI25:AL25)<4,"",AVERAGE(AI25:AL25))) -> 2 | AZ25: =IF($C25<>1,"",IF(OR(K25="",M25=""),"",IF(AND(OR(K25=3,K25=4),M25=3),1,0))) -> 0 | BA25: 1
A26: R025 | B26: 26 | C26: 0 | D26: 1 | E26: 1 | F26: 48 | G26: 25 | H26: 3 | J26: 4 | K26: 3 | M26: 3 | N26: 1 | O26: 5 | P26: 5 | Q26: 5 | R26: 5 | S26: 5 | T26: 5 | U26: 5 | V26: 5 | W26: 2 | X26: 4 | Y26: 2 | Z26: 2 | AM26: =IF(COUNT(O26:V26)<8,"",AVERAGE(O26:V26)) -> 5 | AN26: =IF(COUNT(O26:O26)<1,"",AVERAGE(O26:O26)) -> 5 | AO26: =IF(COUNT(P26:P26)<1,"",AVERAGE(P26:P26)) -> 5 | AP26: =IF(COUNT(Q26:R26)<2,"",AVERAGE(Q26:R26)) -> 5 | AQ26: =IF(COUNT(S26:T26)<2,"",AVERAGE(S26:T26)) -> 5 | AR26: =IF(COUNT(U26:V26)<2,"",AVERAGE(U26:V26)) -> 5 | AS26: =IF(COUNT(W26:Z26)<4,"",AVERAGE(W26:Z26)) -> 2.5 | AT26: =IF($C26<>1,"",IF(COUNT(AA26:AB26)<2,"",AVERAGE(AA26:AB26))) | AU26: =IF($C26<>1,"",IF(COUNT(AC26:AD26)<2,"",AVERAGE(AC26:AD26))) | AV26: =IF($C26<>1,"",IF(COUNT(AE26:AF26)<2,"",AVERAGE(AE26:AF26))) | AW26: =IF($C26<>1,"",IF(COUNT(AG26:AH26)<2,"",AVERAGE(AG26:AH26))) | AX26: =IF($C26<>1,"",IF(COUNT(AA26:AH26)<8,"",AVERAGE(AA26:AH26))) | AY26: =IF($C26<>1,"",IF(COUNT(AI26:AL26)<4,"",AVERAGE(AI26:AL26))) | AZ26: =IF($C26<>1,"",IF(OR(K26="",M26=""),"",IF(AND(OR(K26=3,K26=4),M26=3),1,0))) | BA26: 1
A27: R026 | B27: 27 | C27: 1 | D27: 2 | E27: 1 | F27: 45 | G27: 12 | H27: 1 | J27: 3 | K27: 3 | M27: 2 | N27: 2 | O27: 5 | P27: 5 | Q27: 5 | R27: 5 | S27: 5 | T27: 5 | U27: 5 | V27: 5 | W27: 2 | X27: 2 | Y27: 2 | Z27: 5 | AA27: 5 | AB27: 5 | AC27: 5 | AD27: 5 | AE27: 5 | AF27: 5 | AG27: 5 | AH27: 5 | AI27: 5 | AJ27: 5 | AK27: 5 | AL27: 5 | AM27: =IF(COUNT(O27:V27)<8,"",AVERAGE(O27:V27)) -> 5 | AN27: =IF(COUNT(O27:O27)<1,"",AVERAGE(O27:O27)) -> 5 | AO27: =IF(COUNT(P27:P27)<1,"",AVERAGE(P27:P27)) -> 5 | AP27: =IF(COUNT(Q27:R27)<2,"",AVERAGE(Q27:R27)) -> 5 | AQ27: =IF(COUNT(S27:T27)<2,"",AVERAGE(S27:T27)) -> 5 | AR27: =IF(COUNT(U27:V27)<2,"",AVERAGE(U27:V27)) -> 5 | AS27: =IF(COUNT(W27:Z27)<4,"",AVERAGE(W27:Z27)) -> 2.75 | AT27: =IF($C27<>1,"",IF(COUNT(AA27:AB27)<2,"",AVERAGE(AA27:AB27))) -> 5 | AU27: =IF($C27<>1,"",IF(COUNT(AC27:AD27)<2,"",AVERAGE(AC27:AD27))) -> 5 | AV27: =IF($C27<>1,"",IF(COUNT(AE27:AF27)<2,"",AVERAGE(AE27:AF27))) -> 5 | AW27: =IF($C27<>1,"",IF(COUNT(AG27:AH27)<2,"",AVERAGE(AG27:AH27))) -> 5 | AX27: =IF($C27<>1,"",IF(COUNT(AA27:AH27)<8,"",AVERAGE(AA27:AH27))) -> 5 | AY27: =IF($C27<>1,"",IF(COUNT(AI27:AL27)<4,"",AVERAGE(AI27:AL27))) -> 5 | AZ27: =IF($C27<>1,"",IF(OR(K27="",M27=""),"",IF(AND(OR(K27=3,K27=4),M27=3),1,0))) -> 0 | BA27: 1
A28: R027 | B28: 28 | C28: 0 | D28: 2 | E28: 1 | F28: 39 | G28: 15 | H28: 1 | J28: 1 | K28: 1 | M28: 2 | N28: 2 | O28: 2 | P28: 3 | Q28: 1 | R28: 2 | S28: 2 | T28: 1 | U28: 2 | V28: 2 | W28: 5 | X28: 4 | Y28: 4 | Z28: 4 | AM28: =IF(COUNT(O28:V28)<8,"",AVERAGE(O28:V28)) -> 1.875 | AN28: =IF(COUNT(O28:O28)<1,"",AVERAGE(O28:O28)) -> 2 | AO28: =IF(COUNT(P28:P28)<1,"",AVERAGE(P28:P28)) -> 3 | AP28: =IF(COUNT(Q28:R28)<2,"",AVERAGE(Q28:R28)) -> 1.5 | AQ28: =IF(COUNT(S28:T28)<2,"",AVERAGE(S28:T28)) -> 1.5 | AR28: =IF(COUNT(U28:V28)<2,"",AVERAGE(U28:V28)) -> 2 | AS28: =IF(COUNT(W28:Z28)<4,"",AVERAGE(W28:Z28)) -> 4.25 | AT28: =IF($C28<>1,"",IF(COUNT(AA28:AB28)<2,"",AVERAGE(AA28:AB28))) | AU28: =IF($C28<>1,"",IF(COUNT(AC28:AD28)<2,"",AVERAGE(AC28:AD28))) | AV28: =IF($C28<>1,"",IF(COUNT(AE28:AF28)<2,"",AVERAGE(AE28:AF28))) | AW28: =IF($C28<>1,"",IF(COUNT(AG28:AH28)<2,"",AVERAGE(AG28:AH28))) | AX28: =IF($C28<>1,"",IF(COUNT(AA28:AH28)<8,"",AVERAGE(AA28:AH28))) | AY28: =IF($C28<>1,"",IF(COUNT(AI28:AL28)<4,"",AVERAGE(AI28:AL28))) | AZ28: =IF($C28<>1,"",IF(OR(K28="",M28=""),"",IF(AND(OR(K28=3,K28=4),M28=3),1,0))) | BA28: 1
A29: R028 | B29: 29 | C29: 1 | D29: 1 | E29: 1 | F29: 37 | G29: 11 | H29: 2 | J29: 4 | K29: 4 | M29: 1 | N29: 2 | O29: 4 | P29: 4 | Q29: 4 | R29: 3 | S29: 3 | T29: 3 | U29: 5 | V29: 5 | W29: 3 | X29: 3 | Y29: 4 | Z29: 5 | AA29: 3 | AB29: 2 | AC29: 3 | AD29: 2 | AE29: 3 | AF29: 3 | AG29: 2 | AH29: 3 | AI29: 3 | AJ29: 3 | AK29: 4 | AL29: 3 | AM29: =IF(COUNT(O29:V29)<8,"",AVERAGE(O29:V29)) -> 3.875 | AN29: =IF(COUNT(O29:O29)<1,"",AVERAGE(O29:O29)) -> 4 | AO29: =IF(COUNT(P29:P29)<1,"",AVERAGE(P29:P29)) -> 4 | AP29: =IF(COUNT(Q29:R29)<2,"",AVERAGE(Q29:R29)) -> 3.5 | AQ29: =IF(COUNT(S29:T29)<2,"",AVERAGE(S29:T29)) -> 3 | AR29: =IF(COUNT(U29:V29)<2,"",AVERAGE(U29:V29)) -> 5 | AS29: =IF(COUNT(W29:Z29)<4,"",AVERAGE(W29:Z29)) -> 3.75 | AT29: =IF($C29<>1,"",IF(COUNT(AA29:AB29)<2,"",AVERAGE(AA29:AB29))) -> 2.5 | AU29: =IF($C29<>1,"",IF(COUNT(AC29:AD29)<2,"",AVERAGE(AC29:AD29))) -> 2.5 | AV29: =IF($C29<>1,"",IF(COUNT(AE29:AF29)<2,"",AVERAGE(AE29:AF29))) -> 3 | AW29: =IF($C29<>1,"",IF(COUNT(AG29:AH29)<2,"",AVERAGE(AG29:AH29))) -> 2.5 | AX29: =IF($C29<>1,"",IF(COUNT(AA29:AH29)<8,"",AVERAGE(AA29:AH29))) -> 2.625 | AY29: =IF($C29<>1,"",IF(COUNT(AI29:AL29)<4,"",AVERAGE(AI29:AL29))) -> 3.25 | AZ29: =IF($C29<>1,"",IF(OR(K29="",M29=""),"",IF(AND(OR(K29=3,K29=4),M29=3),1,0))) -> 0 | BA29: 1
A30: R029 | B30: 30 | C30: 0 | D30: 1 | E30: 1 | F30: 32 | G30: 5 | H30: 2 | J30: 4 | K30: 3 | M30: 2 | N30: 1 | O30: 4 | P30: 4 | Q30: 3 | R30: 4 | S30: 4 | T30: 5 | U30: 5 | V30: 5 | W30: 4 | X30: 4 | Y30: 3 | Z30: 4 | AM30: =IF(COUNT(O30:V30)<8,"",AVERAGE(O30:V30)) -> 4.25 | AN30: =IF(COUNT(O30:O30)<1,"",AVERAGE(O30:O30)) -> 4 | AO30: =IF(COUNT(P30:P30)<1,"",AVERAGE(P30:P30)) -> 4 | AP30: =IF(COUNT(Q30:R30)<2,"",AVERAGE(Q30:R30)) -> 3.5 | AQ30: =IF(COUNT(S30:T30)<2,"",AVERAGE(S30:T30)) -> 4.5 | AR30: =IF(COUNT(U30:V30)<2,"",AVERAGE(U30:V30)) -> 5 | AS30: =IF(COUNT(W30:Z30)<4,"",AVERAGE(W30:Z30)) -> 3.75 | AT30: =IF($C30<>1,"",IF(COUNT(AA30:AB30)<2,"",AVERAGE(AA30:AB30))) | AU30: =IF($C30<>1,"",IF(COUNT(AC30:AD30)<2,"",AVERAGE(AC30:AD30))) | AV30: =IF($C30<>1,"",IF(COUNT(AE30:AF30)<2,"",AVERAGE(AE30:AF30))) | AW30: =IF($C30<>1,"",IF(COUNT(AG30:AH30)<2,"",AVERAGE(AG30:AH30))) | AX30: =IF($C30<>1,"",IF(COUNT(AA30:AH30)<8,"",AVERAGE(AA30:AH30))) | AY30: =IF($C30<>1,"",IF(COUNT(AI30:AL30)<4,"",AVERAGE(AI30:AL30))) | AZ30: =IF($C30<>1,"",IF(OR(K30="",M30=""),"",IF(AND(OR(K30=3,K30=4),M30=3),1,0))) | BA30: 1
A31: R030 | B31: 31 | C31: 0 | D31: 2 | E31: 2 | F31: 24 | G31: 1 | J31: 2 | K31: 2 | M31: 2 | N31: 2 | O31: 4 | P31: 4 | Q31: 4 | R31: 4 | S31: 4 | T31: 4 | U31: 4 | V31: 4 | W31: 4 | X31: 4 | Y31: 4 | Z31: 4 | AM31: =IF(COUNT(O31:V31)<8,"",AVERAGE(O31:V31)) -> 4 | AN31: =IF(COUNT(O31:O31)<1,"",AVERAGE(O31:O31)) -> 4 | AO31: =IF(COUNT(P31:P31)<1,"",AVERAGE(P31:P31)) -> 4 | AP31: =IF(COUNT(Q31:R31)<2,"",AVERAGE(Q31:R31)) -> 4 | AQ31: =IF(COUNT(S31:T31)<2,"",AVERAGE(S31:T31)) -> 4 | AR31: =IF(COUNT(U31:V31)<2,"",AVERAGE(U31:V31)) -> 4 | AS31: =IF(COUNT(W31:Z31)<4,"",AVERAGE(W31:Z31)) -> 4 | AT31: =IF($C31<>1,"",IF(COUNT(AA31:AB31)<2,"",AVERAGE(AA31:AB31))) | AU31: =IF($C31<>1,"",IF(COUNT(AC31:AD31)<2,"",AVERAGE(AC31:AD31))) | AV31: =IF($C31<>1,"",IF(COUNT(AE31:AF31)<2,"",AVERAGE(AE31:AF31))) | AW31: =IF($C31<>1,"",IF(COUNT(AG31:AH31)<2,"",AVERAGE(AG31:AH31))) | AX31: =IF($C31<>1,"",IF(COUNT(AA31:AH31)<8,"",AVERAGE(AA31:AH31))) | AY31: =IF($C31<>1,"",IF(COUNT(AI31:AL31)<4,"",AVERAGE(AI31:AL31))) | AZ31: =IF($C31<>1,"",IF(OR(K31="",M31=""),"",IF(AND(OR(K31=3,K31=4),M31=3),1,0))) | BA31: 1
A32: R031 | B32: 32 | C32: 1 | D32: 2 | E32: 1 | F32: 30 | G32: 4 | H32: 1 | J32: 3 | K32: 2 | M32: 2 | N32: 3 | O32: 4 | P32: 4 | Q32: 4 | R32: 4 | S32: 4 | T32: 4 | U32: 4 | V32: 4 | W32: 2 | X32: 2 | Y32: 2 | Z32: 2 | AA32: 4 | AB32: 4 | AC32: 4 | AD32: 4 | AE32: 2 | AF32: 2 | AG32: 4 | AH32: 3 | AI32: 1 | AJ32: 2 | AK32: 5 | AL32: 3 | AM32: =IF(COUNT(O32:V32)<8,"",AVERAGE(O32:V32)) -> 4 | AN32: =IF(COUNT(O32:O32)<1,"",AVERAGE(O32:O32)) -> 4 | AO32: =IF(COUNT(P32:P32)<1,"",AVERAGE(P32:P32)) -> 4 | AP32: =IF(COUNT(Q32:R32)<2,"",AVERAGE(Q32:R32)) -> 4 | AQ32: =IF(COUNT(S32:T32)<2,"",AVERAGE(S32:T32)) -> 4 | AR32: =IF(COUNT(U32:V32)<2,"",AVERAGE(U32:V32)) -> 4 | AS32: =IF(COUNT(W32:Z32)<4,"",AVERAGE(W32:Z32)) -> 2 | AT32: =IF($C32<>1,"",IF(COUNT(AA32:AB32)<2,"",AVERAGE(AA32:AB32))) -> 4 | AU32: =IF($C32<>1,"",IF(COUNT(AC32:AD32)<2,"",AVERAGE(AC32:AD32))) -> 4 | AV32: =IF($C32<>1,"",IF(COUNT(AE32:AF32)<2,"",AVERAGE(AE32:AF32))) -> 2 | AW32: =IF($C32<>1,"",IF(COUNT(AG32:AH32)<2,"",AVERAGE(AG32:AH32))) -> 3.5 | AX32: =IF($C32<>1,"",IF(COUNT(AA32:AH32)<8,"",AVERAGE(AA32:AH32))) -> 3.375 | AY32: =IF($C32<>1,"",IF(COUNT(AI32:AL32)<4,"",AVERAGE(AI32:AL32))) -> 2.75 | AZ32: =IF($C32<>1,"",IF(OR(K32="",M32=""),"",IF(AND(OR(K32=3,K32=4),M32=3),1,0))) -> 0 | BA32: 1
A33: R032 | B33: 33 | C33: 0 | D33: 2 | E33: 1 | F33: 52 | G33: 28 | H33: 1 | J33: 4 | K33: 3 | M33: 4 | N33: 3 | O33: 3 | P33: 3 | Q33: 3 | R33: 3 | S33: 3 | T33: 3 | U33: 4 | V33: 3 | W33: 5 | X33: 4 | Y33: 5 | Z33: 5 | AM33: =IF(COUNT(O33:V33)<8,"",AVERAGE(O33:V33)) -> 3.125 | AN33: =IF(COUNT(O33:O33)<1,"",AVERAGE(O33:O33)) -> 3 | AO33: =IF(COUNT(P33:P33)<1,"",AVERAGE(P33:P33)) -> 3 | AP33: =IF(COUNT(Q33:R33)<2,"",AVERAGE(Q33:R33)) -> 3 | AQ33: =IF(COUNT(S33:T33)<2,"",AVERAGE(S33:T33)) -> 3 | AR33: =IF(COUNT(U33:V33)<2,"",AVERAGE(U33:V33)) -> 3.5 | AS33: =IF(COUNT(W33:Z33)<4,"",AVERAGE(W33:Z33)) -> 4.75 | AT33: =IF($C33<>1,"",IF(COUNT(AA33:AB33)<2,"",AVERAGE(AA33:AB33))) | AU33: =IF($C33<>1,"",IF(COUNT(AC33:AD33)<2,"",AVERAGE(AC33:AD33))) | AV33: =IF($C33<>1,"",IF(COUNT(AE33:AF33)<2,"",AVERAGE(AE33:AF33))) | AW33: =IF($C33<>1,"",IF(COUNT(AG33:AH33)<2,"",AVERAGE(AG33:AH33))) | AX33: =IF($C33<>1,"",IF(COUNT(AA33:AH33)<8,"",AVERAGE(AA33:AH33))) | AY33: =IF($C33<>1,"",IF(COUNT(AI33:AL33)<4,"",AVERAGE(AI33:AL33))) | AZ33: =IF($C33<>1,"",IF(OR(K33="",M33=""),"",IF(AND(OR(K33=3,K33=4),M33=3),1,0))) | BA33: 1
A34: R033 | B34: 34 | C34: 1 | D34: 1 | E34: 1 | F34: 51 | G34: 30 | H34: 3 | J34: 3 | K34: 5 | L34: 현장상주 미상주시 대체직원 상주 | M34: 1 | N34: 1 | O34: 4 | P34: 4 | Q34: 4 | R34: 4 | S34: 4 | T34: 4 | U34: 4 | V34: 4 | W34: 4 | X34: 3 | Y34: 4 | Z34: 3 | AA34: 4 | AB34: 4 | AC34: 4 | AD34: 4 | AE34: 3 | AF34: 3 | AG34: 3 | AH34: 3 | AI34: 3 | AJ34: 3 | AK34: 4 | AL34: 3 | AM34: =IF(COUNT(O34:V34)<8,"",AVERAGE(O34:V34)) -> 4 | AN34: =IF(COUNT(O34:O34)<1,"",AVERAGE(O34:O34)) -> 4 | AO34: =IF(COUNT(P34:P34)<1,"",AVERAGE(P34:P34)) -> 4 | AP34: =IF(COUNT(Q34:R34)<2,"",AVERAGE(Q34:R34)) -> 4 | AQ34: =IF(COUNT(S34:T34)<2,"",AVERAGE(S34:T34)) -> 4 | AR34: =IF(COUNT(U34:V34)<2,"",AVERAGE(U34:V34)) -> 4 | AS34: =IF(COUNT(W34:Z34)<4,"",AVERAGE(W34:Z34)) -> 3.5 | AT34: =IF($C34<>1,"",IF(COUNT(AA34:AB34)<2,"",AVERAGE(AA34:AB34))) -> 4 | AU34: =IF($C34<>1,"",IF(COUNT(AC34:AD34)<2,"",AVERAGE(AC34:AD34))) -> 4 | AV34: =IF($C34<>1,"",IF(COUNT(AE34:AF34)<2,"",AVERAGE(AE34:AF34))) -> 3 | AW34: =IF($C34<>1,"",IF(COUNT(AG34:AH34)<2,"",AVERAGE(AG34:AH34))) -> 3 | AX34: =IF($C34<>1,"",IF(COUNT(AA34:AH34)<8,"",AVERAGE(AA34:AH34))) -> 3.5 | AY34: =IF($C34<>1,"",IF(COUNT(AI34:AL34)<4,"",AVERAGE(AI34:AL34))) -> 3.25 | AZ34: =IF($C34<>1,"",IF(OR(K34="",M34=""),"",IF(AND(OR(K34=3,K34=4),M34=3),1,0))) -> 0 | BA34: 1
A35: R034 | B35: 35 | C35: 1 | D35: 1 | E35: 1 | F35: 58 | G35: 6 | H35: 2 | J35: 3 | K35: 4 | M35: 3 | N35: 1 | O35: 4 | P35: 4 | Q35: 4 | R35: 4 | S35: 4 | T35: 4 | U35: 4 | V35: 4 | W35: 2 | X35: 2 | Y35: 2 | Z35: 2 | AA35: 3 | AB35: 4 | AC35: 4 | AD35: 3 | AE35: 3 | AF35: 3 | AG35: 4 | AH35: 3 | AI35: 4 | AJ35: 4 | AK35: 4 | AL35: 4 | AM35: =IF(COUNT(O35:V35)<8,"",AVERAGE(O35:V35)) -> 4 | AN35: =IF(COUNT(O35:O35)<1,"",AVERAGE(O35:O35)) -> 4 | AO35: =IF(COUNT(P35:P35)<1,"",AVERAGE(P35:P35)) -> 4 | AP35: =IF(COUNT(Q35:R35)<2,"",AVERAGE(Q35:R35)) -> 4 | AQ35: =IF(COUNT(S35:T35)<2,"",AVERAGE(S35:T35)) -> 4 | AR35: =IF(COUNT(U35:V35)<2,"",AVERAGE(U35:V35)) -> 4 | AS35: =IF(COUNT(W35:Z35)<4,"",AVERAGE(W35:Z35)) -> 2 | AT35: =IF($C35<>1,"",IF(COUNT(AA35:AB35)<2,"",AVERAGE(AA35:AB35))) -> 3.5 | AU35: =IF($C35<>1,"",IF(COUNT(AC35:AD35)<2,"",AVERAGE(AC35:AD35))) -> 3.5 | AV35: =IF($C35<>1,"",IF(COUNT(AE35:AF35)<2,"",AVERAGE(AE35:AF35))) -> 3 | AW35: =IF($C35<>1,"",IF(COUNT(AG35:AH35)<2,"",AVERAGE(AG35:AH35))) -> 3.5 | AX35: =IF($C35<>1,"",IF(COUNT(AA35:AH35)<8,"",AVERAGE(AA35:AH35))) -> 3.375 | AY35: =IF($C35<>1,"",IF(COUNT(AI35:AL35)<4,"",AVERAGE(AI35:AL35))) -> 4 | AZ35: =IF($C35<>1,"",IF(OR(K35="",M35=""),"",IF(AND(OR(K35=3,K35=4),M35=3),1,0))) -> 1 | BA35: 1
A36: R035 | B36: 36 | C36: 1 | D36: 1 | E36: 1 | F36: 46 | G36: 20 | H36: 3 | J36: 4 | K36: 2 | M36: 2 | N36: 2 | O36: 4 | P36: 4 | Q36: 3 | R36: 3 | S36: 3 | T36: 4 | U36: 4 | V36: 4 | W36: 4 | X36: 4 | Y36: 4 | Z36: 4 | AA36: 3 | AB36: 3 | AC36: 4 | AD36: 3 | AE36: 3 | AF36: 4 | AG36: 5 | AH36: 3 | AI36: 1 | AJ36: 2 | AK36: 4 | AL36: 5 | AM36: =IF(COUNT(O36:V36)<8,"",AVERAGE(O36:V36)) -> 3.625 | AN36: =IF(COUNT(O36:O36)<1,"",AVERAGE(O36:O36)) -> 4 | AO36: =IF(COUNT(P36:P36)<1,"",AVERAGE(P36:P36)) -> 4 | AP36: =IF(COUNT(Q36:R36)<2,"",AVERAGE(Q36:R36)) -> 3 | AQ36: =IF(COUNT(S36:T36)<2,"",AVERAGE(S36:T36)) -> 3.5 | AR36: =IF(COUNT(U36:V36)<2,"",AVERAGE(U36:V36)) -> 4 | AS36: =IF(COUNT(W36:Z36)<4,"",AVERAGE(W36:Z36)) -> 4 | AT36: =IF($C36<>1,"",IF(COUNT(AA36:AB36)<2,"",AVERAGE(AA36:AB36))) -> 3 | AU36: =IF($C36<>1,"",IF(COUNT(AC36:AD36)<2,"",AVERAGE(AC36:AD36))) -> 3.5 | AV36: =IF($C36<>1,"",IF(COUNT(AE36:AF36)<2,"",AVERAGE(AE36:AF36))) -> 3.5 | AW36: =IF($C36<>1,"",IF(COUNT(AG36:AH36)<2,"",AVERAGE(AG36:AH36))) -> 4 | AX36: =IF($C36<>1,"",IF(COUNT(AA36:AH36)<8,"",AVERAGE(AA36:AH36))) -> 3.5 | AY36: =IF($C36<>1,"",IF(COUNT(AI36:AL36)<4,"",AVERAGE(AI36:AL36))) -> 3 | AZ36: =IF($C36<>1,"",IF(OR(K36="",M36=""),"",IF(AND(OR(K36=3,K36=4),M36=3),1,0))) -> 0 | BA36: 1
A37: R036 | B37: 37 | C37: 0 | D37: 2 | E37: 1 | F37: 60 | G37: 36 | H37: 1 | J37: 4 | K37: 2 | M37: 2 | N37: 2 | O37: 3 | P37: 3 | Q37: 2 | R37: 3 | S37: 2 | T37: 2 | U37: 3 | V37: 3 | W37: 2 | X37: 2 | Y37: 3 | Z37: 2 | AM37: =IF(COUNT(O37:V37)<8,"",AVERAGE(O37:V37)) -> 2.625 | AN37: =IF(COUNT(O37:O37)<1,"",AVERAGE(O37:O37)) -> 3 | AO37: =IF(COUNT(P37:P37)<1,"",AVERAGE(P37:P37)) -> 3 | AP37: =IF(COUNT(Q37:R37)<2,"",AVERAGE(Q37:R37)) -> 2.5 | AQ37: =IF(COUNT(S37:T37)<2,"",AVERAGE(S37:T37)) -> 2 | AR37: =IF(COUNT(U37:V37)<2,"",AVERAGE(U37:V37)) -> 3 | AS37: =IF(COUNT(W37:Z37)<4,"",AVERAGE(W37:Z37)) -> 2.25 | AT37: =IF($C37<>1,"",IF(COUNT(AA37:AB37)<2,"",AVERAGE(AA37:AB37))) | AU37: =IF($C37<>1,"",IF(COUNT(AC37:AD37)<2,"",AVERAGE(AC37:AD37))) | AV37: =IF($C37<>1,"",IF(COUNT(AE37:AF37)<2,"",AVERAGE(AE37:AF37))) | AW37: =IF($C37<>1,"",IF(COUNT(AG37:AH37)<2,"",AVERAGE(AG37:AH37))) | AX37: =IF($C37<>1,"",IF(COUNT(AA37:AH37)<8,"",AVERAGE(AA37:AH37))) | AY37: =IF($C37<>1,"",IF(COUNT(AI37:AL37)<4,"",AVERAGE(AI37:AL37))) | AZ37: =IF($C37<>1,"",IF(OR(K37="",M37=""),"",IF(AND(OR(K37=3,K37=4),M37=3),1,0))) | BA37: 1
A38: R037 | B38: 38 | C38: 1 | D38: 2 | E38: 1 | F38: 56 | G38: 30 | H38: 4 | I38: 사업관리(부장) | J38: 3 | K38: 4 | M38: 3 | N38: 1 | O38: 3 | P38: 5 | Q38: 3 | R38: 5 | S38: 4 | T38: 3 | U38: 5 | V38: 5 | W38: 2 | X38: 2 | Y38: 2 | Z38: 4 | AA38: 4 | AB38: 4 | AC38: 4 | AD38: 4 | AE38: 4 | AF38: 3 | AG38: 5 | AH38: 5 | AI38: 5 | AJ38: 5 | AK38: 5 | AL38: 5 | AM38: =IF(COUNT(O38:V38)<8,"",AVERAGE(O38:V38)) -> 4.125 | AN38: =IF(COUNT(O38:O38)<1,"",AVERAGE(O38:O38)) -> 3 | AO38: =IF(COUNT(P38:P38)<1,"",AVERAGE(P38:P38)) -> 5 | AP38: =IF(COUNT(Q38:R38)<2,"",AVERAGE(Q38:R38)) -> 4 | AQ38: =IF(COUNT(S38:T38)<2,"",AVERAGE(S38:T38)) -> 3.5 | AR38: =IF(COUNT(U38:V38)<2,"",AVERAGE(U38:V38)) -> 5 | AS38: =IF(COUNT(W38:Z38)<4,"",AVERAGE(W38:Z38)) -> 2.5 | AT38: =IF($C38<>1,"",IF(COUNT(AA38:AB38)<2,"",AVERAGE(AA38:AB38))) -> 4 | AU38: =IF($C38<>1,"",IF(COUNT(AC38:AD38)<2,"",AVERAGE(AC38:AD38))) -> 4 | AV38: =IF($C38<>1,"",IF(COUNT(AE38:AF38)<2,"",AVERAGE(AE38:AF38))) -> 3.5 | AW38: =IF($C38<>1,"",IF(COUNT(AG38:AH38)<2,"",AVERAGE(AG38:AH38))) -> 5 | AX38: =IF($C38<>1,"",IF(COUNT(AA38:AH38)<8,"",AVERAGE(AA38:AH38))) -> 4.125 | AY38: =IF($C38<>1,"",IF(COUNT(AI38:AL38)<4,"",AVERAGE(AI38:AL38))) -> 5 | AZ38: =IF($C38<>1,"",IF(OR(K38="",M38=""),"",IF(AND(OR(K38=3,K38=4),M38=3),1,0))) -> 1 | BA38: 1
A39: R038 | B39: 39 | C39: 0 | D39: 1 | E39: 1 | F39: 57 | G39: 32 | H39: 3 | J39: 1 | K39: 5 | L39: 현장상주 직접확인 | M39: 2 | N39: 1 | O39: 5 | P39: 5 | Q39: 5 | R39: 5 | S39: 5 | T39: 5 | U39: 5 | V39: 5 | W39: 1 | X39: 1 | Y39: 1 | Z39: 1 | AM39: =IF(COUNT(O39:V39)<8,"",AVERAGE(O39:V39)) -> 5 | AN39: =IF(COUNT(O39:O39)<1,"",AVERAGE(O39:O39)) -> 5 | AO39: =IF(COUNT(P39:P39)<1,"",AVERAGE(P39:P39)) -> 5 | AP39: =IF(COUNT(Q39:R39)<2,"",AVERAGE(Q39:R39)) -> 5 | AQ39: =IF(COUNT(S39:T39)<2,"",AVERAGE(S39:T39)) -> 5 | AR39: =IF(COUNT(U39:V39)<2,"",AVERAGE(U39:V39)) -> 5 | AS39: =IF(COUNT(W39:Z39)<4,"",AVERAGE(W39:Z39)) -> 1 | AT39: =IF($C39<>1,"",IF(COUNT(AA39:AB39)<2,"",AVERAGE(AA39:AB39))) | AU39: =IF($C39<>1,"",IF(COUNT(AC39:AD39)<2,"",AVERAGE(AC39:AD39))) | AV39: =IF($C39<>1,"",IF(COUNT(AE39:AF39)<2,"",AVERAGE(AE39:AF39))) | AW39: =IF($C39<>1,"",IF(COUNT(AG39:AH39)<2,"",AVERAGE(AG39:AH39))) | AX39: =IF($C39<>1,"",IF(COUNT(AA39:AH39)<8,"",AVERAGE(AA39:AH39))) | AY39: =IF($C39<>1,"",IF(COUNT(AI39:AL39)<4,"",AVERAGE(AI39:AL39))) | AZ39: =IF($C39<>1,"",IF(OR(K39="",M39=""),"",IF(AND(OR(K39=3,K39=4),M39=3),1,0))) | BA39: 1
A40: R039 | B40: 40 | C40: 0 | D40: 2 | E40: 1 | F40: 55 | G40: 25 | H40: 4 | I40: 기술사사무소 | J40: 1 | K40: 1 | M40: 2 | N40: 4 | O40: 3 | P40: 4 | Q40: 2 | R40: 2 | S40: 2 | T40: 3 | U40: 3 | V40: 3 | W40: 4 | X40: 4 | Y40: 4 | Z40: 5 | AM40: =IF(COUNT(O40:V40)<8,"",AVERAGE(O40:V40)) -> 2.75 | AN40: =IF(COUNT(O40:O40)<1,"",AVERAGE(O40:O40)) -> 3 | AO40: =IF(COUNT(P40:P40)<1,"",AVERAGE(P40:P40)) -> 4 | AP40: =IF(COUNT(Q40:R40)<2,"",AVERAGE(Q40:R40)) -> 2 | AQ40: =IF(COUNT(S40:T40)<2,"",AVERAGE(S40:T40)) -> 2.5 | AR40: =IF(COUNT(U40:V40)<2,"",AVERAGE(U40:V40)) -> 3 | AS40: =IF(COUNT(W40:Z40)<4,"",AVERAGE(W40:Z40)) -> 4.25 | AT40: =IF($C40<>1,"",IF(COUNT(AA40:AB40)<2,"",AVERAGE(AA40:AB40))) | AU40: =IF($C40<>1,"",IF(COUNT(AC40:AD40)<2,"",AVERAGE(AC40:AD40))) | AV40: =IF($C40<>1,"",IF(COUNT(AE40:AF40)<2,"",AVERAGE(AE40:AF40))) | AW40: =IF($C40<>1,"",IF(COUNT(AG40:AH40)<2,"",AVERAGE(AG40:AH40))) | AX40: =IF($C40<>1,"",IF(COUNT(AA40:AH40)<8,"",AVERAGE(AA40:AH40))) | AY40: =IF($C40<>1,"",IF(COUNT(AI40:AL40)<4,"",AVERAGE(AI40:AL40))) | AZ40: =IF($C40<>1,"",IF(OR(K40="",M40=""),"",IF(AND(OR(K40=3,K40=4),M40=3),1,0))) | BA40: 1
A41: R040 | B41: 41 | C41: 1 | D41: 1 | E41: 1 | F41: 59 | G41: 32 | H41: 3 | J41: 3 | K41: 2 | M41: 2 | N41: 1 | O41: 4 | P41: 5 | Q41: 4 | R41: 4 | S41: 4 | T41: 5 | U41: 5 | V41: 5 | W41: 4 | X41: 4 | Y41: 4 | Z41: 4 | AA41: 3 | AB41: 4 | AC41: 4 | AD41: 2 | AE41: 3 | AF41: 3 | AG41: 4 | AH41: 3 | AI41: 2 | AJ41: 2 | AK41: 3 | AL41: 2 | AM41: =IF(COUNT(O41:V41)<8,"",AVERAGE(O41:V41)) -> 4.5 | AN41: =IF(COUNT(O41:O41)<1,"",AVERAGE(O41:O41)) -> 4 | AO41: =IF(COUNT(P41:P41)<1,"",AVERAGE(P41:P41)) -> 5 | AP41: =IF(COUNT(Q41:R41)<2,"",AVERAGE(Q41:R41)) -> 4 | AQ41: =IF(COUNT(S41:T41)<2,"",AVERAGE(S41:T41)) -> 4.5 | AR41: =IF(COUNT(U41:V41)<2,"",AVERAGE(U41:V41)) -> 5 | AS41: =IF(COUNT(W41:Z41)<4,"",AVERAGE(W41:Z41)) -> 4 | AT41: =IF($C41<>1,"",IF(COUNT(AA41:AB41)<2,"",AVERAGE(AA41:AB41))) -> 3.5 | AU41: =IF($C41<>1,"",IF(COUNT(AC41:AD41)<2,"",AVERAGE(AC41:AD41))) -> 3 | AV41: =IF($C41<>1,"",IF(COUNT(AE41:AF41)<2,"",AVERAGE(AE41:AF41))) -> 3 | AW41: =IF($C41<>1,"",IF(COUNT(AG41:AH41)<2,"",AVERAGE(AG41:AH41))) -> 3.5 | AX41: =IF($C41<>1,"",IF(COUNT(AA41:AH41)<8,"",AVERAGE(AA41:AH41))) -> 3.25 | AY41: =IF($C41<>1,"",IF(COUNT(AI41:AL41)<4,"",AVERAGE(AI41:AL41))) -> 2.25 | AZ41: =IF($C41<>1,"",IF(OR(K41="",M41=""),"",IF(AND(OR(K41=3,K41=4),M41=3),1,0))) -> 0 | BA41: 1
A42: R041 | B42: 42 | C42: 0 | D42: 2 | E42: 1 | F42: 48 | G42: 14 | H42: 1 | J42: 3 | K42: 2 | M42: 3 | N42: 2 | O42: 4 | P42: 5 | Q42: 5 | R42: 5 | S42: 5 | T42: 5 | U42: 5 | V42: 5 | W42: 2 | X42: 3 | Y42: 3 | Z42: 3 | AM42: =IF(COUNT(O42:V42)<8,"",AVERAGE(O42:V42)) -> 4.875 | AN42: =IF(COUNT(O42:O42)<1,"",AVERAGE(O42:O42)) -> 4 | AO42: =IF(COUNT(P42:P42)<1,"",AVERAGE(P42:P42)) -> 5 | AP42: =IF(COUNT(Q42:R42)<2,"",AVERAGE(Q42:R42)) -> 5 | AQ42: =IF(COUNT(S42:T42)<2,"",AVERAGE(S42:T42)) -> 5 | AR42: =IF(COUNT(U42:V42)<2,"",AVERAGE(U42:V42)) -> 5 | AS42: =IF(COUNT(W42:Z42)<4,"",AVERAGE(W42:Z42)) -> 2.75 | AT42: =IF($C42<>1,"",IF(COUNT(AA42:AB42)<2,"",AVERAGE(AA42:AB42))) | AU42: =IF($C42<>1,"",IF(COUNT(AC42:AD42)<2,"",AVERAGE(AC42:AD42))) | AV42: =IF($C42<>1,"",IF(COUNT(AE42:AF42)<2,"",AVERAGE(AE42:AF42))) | AW42: =IF($C42<>1,"",IF(COUNT(AG42:AH42)<2,"",AVERAGE(AG42:AH42))) | AX42: =IF($C42<>1,"",IF(COUNT(AA42:AH42)<8,"",AVERAGE(AA42:AH42))) | AY42: =IF($C42<>1,"",IF(COUNT(AI42:AL42)<4,"",AVERAGE(AI42:AL42))) | AZ42: =IF($C42<>1,"",IF(OR(K42="",M42=""),"",IF(AND(OR(K42=3,K42=4),M42=3),1,0))) | BA42: 1
A43: R042 | B43: 43 | C43: 0 | D43: 1 | E43: 1 | F43: 48 | G43: 20 | H43: 3 | J43: 2 | K43: 2 | M43: 2 | N43: 2 | O43: 4 | P43: 5 | Q43: 4 | R43: 4 | S43: 4 | T43: 4 | U43: 4 | V43: 4 | W43: 4 | X43: 4 | Y43: 4 | Z43: 4 | AM43: =IF(COUNT(O43:V43)<8,"",AVERAGE(O43:V43)) -> 4.125 | AN43: =IF(COUNT(O43:O43)<1,"",AVERAGE(O43:O43)) -> 4 | AO43: =IF(COUNT(P43:P43)<1,"",AVERAGE(P43:P43)) -> 5 | AP43: =IF(COUNT(Q43:R43)<2,"",AVERAGE(Q43:R43)) -> 4 | AQ43: =IF(COUNT(S43:T43)<2,"",AVERAGE(S43:T43)) -> 4 | AR43: =IF(COUNT(U43:V43)<2,"",AVERAGE(U43:V43)) -> 4 | AS43: =IF(COUNT(W43:Z43)<4,"",AVERAGE(W43:Z43)) -> 4 | AT43: =IF($C43<>1,"",IF(COUNT(AA43:AB43)<2,"",AVERAGE(AA43:AB43))) | AU43: =IF($C43<>1,"",IF(COUNT(AC43:AD43)<2,"",AVERAGE(AC43:AD43))) | AV43: =IF($C43<>1,"",IF(COUNT(AE43:AF43)<2,"",AVERAGE(AE43:AF43))) | AW43: =IF($C43<>1,"",IF(COUNT(AG43:AH43)<2,"",AVERAGE(AG43:AH43))) | AX43: =IF($C43<>1,"",IF(COUNT(AA43:AH43)<8,"",AVERAGE(AA43:AH43))) | AY43: =IF($C43<>1,"",IF(COUNT(AI43:AL43)<4,"",AVERAGE(AI43:AL43))) | AZ43: =IF($C43<>1,"",IF(OR(K43="",M43=""),"",IF(AND(OR(K43=3,K43=4),M43=3),1,0))) | BA43: 1
A44: R043 | B44: 44 | C44: 0 | D44: 1 | E44: 1 | F44: 44 | G44: 17 | H44: 1 | J44: 4 | K44: 2 | M44: 2 | N44: 2 | O44: 3 | P44: 3 | Q44: 3 | R44: 3 | S44: 3 | T44: 2 | U44: 4 | V44: 3 | W44: 3 | X44: 3 | Y44: 3 | Z44: 4 | AM44: =IF(COUNT(O44:V44)<8,"",AVERAGE(O44:V44)) -> 3 | AN44: =IF(COUNT(O44:O44)<1,"",AVERAGE(O44:O44)) -> 3 | AO44: =IF(COUNT(P44:P44)<1,"",AVERAGE(P44:P44)) -> 3 | AP44: =IF(COUNT(Q44:R44)<2,"",AVERAGE(Q44:R44)) -> 3 | AQ44: =IF(COUNT(S44:T44)<2,"",AVERAGE(S44:T44)) -> 2.5 | AR44: =IF(COUNT(U44:V44)<2,"",AVERAGE(U44:V44)) -> 3.5 | AS44: =IF(COUNT(W44:Z44)<4,"",AVERAGE(W44:Z44)) -> 3.25 | AT44: =IF($C44<>1,"",IF(COUNT(AA44:AB44)<2,"",AVERAGE(AA44:AB44))) | AU44: =IF($C44<>1,"",IF(COUNT(AC44:AD44)<2,"",AVERAGE(AC44:AD44))) | AV44: =IF($C44<>1,"",IF(COUNT(AE44:AF44)<2,"",AVERAGE(AE44:AF44))) | AW44: =IF($C44<>1,"",IF(COUNT(AG44:AH44)<2,"",AVERAGE(AG44:AH44))) | AX44: =IF($C44<>1,"",IF(COUNT(AA44:AH44)<8,"",AVERAGE(AA44:AH44))) | AY44: =IF($C44<>1,"",IF(COUNT(AI44:AL44)<4,"",AVERAGE(AI44:AL44))) | AZ44: =IF($C44<>1,"",IF(OR(K44="",M44=""),"",IF(AND(OR(K44=3,K44=4),M44=3),1,0))) | BA44: 1
A45: R044 | B45: 45 | C45: 0 | D45: 2 | E45: 2 | F45: 34 | G45: 8 | H45: 1 | J45: 2 | K45: 2 | M45: 4 | N45: 4 | O45: 3 | P45: 3 | Q45: 3 | R45: 3 | S45: 3 | T45: 2 | U45: 3 | V45: 3 | W45: 5 | X45: 5 | Y45: 5 | Z45: 5 | AM45: =IF(COUNT(O45:V45)<8,"",AVERAGE(O45:V45)) -> 2.875 | AN45: =IF(COUNT(O45:O45)<1,"",AVERAGE(O45:O45)) -> 3 | AO45: =IF(COUNT(P45:P45)<1,"",AVERAGE(P45:P45)) -> 3 | AP45: =IF(COUNT(Q45:R45)<2,"",AVERAGE(Q45:R45)) -> 3 | AQ45: =IF(COUNT(S45:T45)<2,"",AVERAGE(S45:T45)) -> 2.5 | AR45: =IF(COUNT(U45:V45)<2,"",AVERAGE(U45:V45)) -> 3 | AS45: =IF(COUNT(W45:Z45)<4,"",AVERAGE(W45:Z45)) -> 5 | AT45: =IF($C45<>1,"",IF(COUNT(AA45:AB45)<2,"",AVERAGE(AA45:AB45))) | AU45: =IF($C45<>1,"",IF(COUNT(AC45:AD45)<2,"",AVERAGE(AC45:AD45))) | AV45: =IF($C45<>1,"",IF(COUNT(AE45:AF45)<2,"",AVERAGE(AE45:AF45))) | AW45: =IF($C45<>1,"",IF(COUNT(AG45:AH45)<2,"",AVERAGE(AG45:AH45))) | AX45: =IF($C45<>1,"",IF(COUNT(AA45:AH45)<8,"",AVERAGE(AA45:AH45))) | AY45: =IF($C45<>1,"",IF(COUNT(AI45:AL45)<4,"",AVERAGE(AI45:AL45))) | AZ45: =IF($C45<>1,"",IF(OR(K45="",M45=""),"",IF(AND(OR(K45=3,K45=4),M45=3),1,0))) | BA45: 1
A46: R045 | B46: 46 | C46: 1 | D46: 1 | E46: 1 | F46: 33 | G46: 8 | H46: 2 | J46: 3 | K46: 2 | M46: 1 | N46: 1 | O46: 4 | P46: 4 | Q46: 4 | R46: 4 | S46: 5 | T46: 4 | U46: 5 | V46: 4 | W46: 4 | X46: 3 | Y46: 5 | Z46: 3 | AA46: 4 | AB46: 4 | AC46: 3 | AD46: 2 | AE46: 3 | AF46: 1 | AG46: 4 | AH46: 3 | AI46: 1 | AJ46: 1 | AK46: 4 | AL46: 1 | AM46: =IF(COUNT(O46:V46)<8,"",AVERAGE(O46:V46)) -> 4.25 | AN46: =IF(COUNT(O46:O46)<1,"",AVERAGE(O46:O46)) -> 4 | AO46: =IF(COUNT(P46:P46)<1,"",AVERAGE(P46:P46)) -> 4 | AP46: =IF(COUNT(Q46:R46)<2,"",AVERAGE(Q46:R46)) -> 4 | AQ46: =IF(COUNT(S46:T46)<2,"",AVERAGE(S46:T46)) -> 4.5 | AR46: =IF(COUNT(U46:V46)<2,"",AVERAGE(U46:V46)) -> 4.5 | AS46: =IF(COUNT(W46:Z46)<4,"",AVERAGE(W46:Z46)) -> 3.75 | AT46: =IF($C46<>1,"",IF(COUNT(AA46:AB46)<2,"",AVERAGE(AA46:AB46))) -> 4 | AU46: =IF($C46<>1,"",IF(COUNT(AC46:AD46)<2,"",AVERAGE(AC46:AD46))) -> 2.5 | AV46: =IF($C46<>1,"",IF(COUNT(AE46:AF46)<2,"",AVERAGE(AE46:AF46))) -> 2 | AW46: =IF($C46<>1,"",IF(COUNT(AG46:AH46)<2,"",AVERAGE(AG46:AH46))) -> 3.5 | AX46: =IF($C46<>1,"",IF(COUNT(AA46:AH46)<8,"",AVERAGE(AA46:AH46))) -> 3 | AY46: =IF($C46<>1,"",IF(COUNT(AI46:AL46)<4,"",AVERAGE(AI46:AL46))) -> 1.75 | AZ46: =IF($C46<>1,"",IF(OR(K46="",M46=""),"",IF(AND(OR(K46=3,K46=4),M46=3),1,0))) -> 0 | BA46: 1
A47: R046 | B47: 47 | C47: 0 | D47: 1 | E47: 1 | F47: 45 | G47: 19 | H47: 1 | J47: 4 | K47: 2 | M47: 2 | N47: 1 | O47: 4 | P47: 4 | Q47: 5 | R47: 3 | S47: 2 | T47: 2 | U47: 4 | V47: 3 | W47: 4 | X47: 4 | Y47: 4 | Z47: 3 | AM47: =IF(COUNT(O47:V47)<8,"",AVERAGE(O47:V47)) -> 3.375 | AN47: =IF(COUNT(O47:O47)<1,"",AVERAGE(O47:O47)) -> 4 | AO47: =IF(COUNT(P47:P47)<1,"",AVERAGE(P47:P47)) -> 4 | AP47: =IF(COUNT(Q47:R47)<2,"",AVERAGE(Q47:R47)) -> 4 | AQ47: =IF(COUNT(S47:T47)<2,"",AVERAGE(S47:T47)) -> 2 | AR47: =IF(COUNT(U47:V47)<2,"",AVERAGE(U47:V47)) -> 3.5 | AS47: =IF(COUNT(W47:Z47)<4,"",AVERAGE(W47:Z47)) -> 3.75 | AT47: =IF($C47<>1,"",IF(COUNT(AA47:AB47)<2,"",AVERAGE(AA47:AB47))) | AU47: =IF($C47<>1,"",IF(COUNT(AC47:AD47)<2,"",AVERAGE(AC47:AD47))) | AV47: =IF($C47<>1,"",IF(COUNT(AE47:AF47)<2,"",AVERAGE(AE47:AF47))) | AW47: =IF($C47<>1,"",IF(COUNT(AG47:AH47)<2,"",AVERAGE(AG47:AH47))) | AX47: =IF($C47<>1,"",IF(COUNT(AA47:AH47)<8,"",AVERAGE(AA47:AH47))) | AY47: =IF($C47<>1,"",IF(COUNT(AI47:AL47)<4,"",AVERAGE(AI47:AL47))) | AZ47: =IF($C47<>1,"",IF(OR(K47="",M47=""),"",IF(AND(OR(K47=3,K47=4),M47=3),1,0))) | BA47: 1
A48: R047 | B48: 48 | C48: 0 | D48: 1 | E48: 1 | F48: 30 | G48: 5 | H48: 2 | J48: 4 | K48: 3 | M48: 2 | N48: 1 | O48: 4 | P48: 4 | Q48: 4 | R48: 4 | S48: 4 | T48: 4 | U48: 4 | V48: 4 | W48: 3 | X48: 3 | Y48: 3 | Z48: 3 | AM48: =IF(COUNT(O48:V48)<8,"",AVERAGE(O48:V48)) -> 4 | AN48: =IF(COUNT(O48:O48)<1,"",AVERAGE(O48:O48)) -> 4 | AO48: =IF(COUNT(P48:P48)<1,"",AVERAGE(P48:P48)) -> 4 | AP48: =IF(COUNT(Q48:R48)<2,"",AVERAGE(Q48:R48)) -> 4 | AQ48: =IF(COUNT(S48:T48)<2,"",AVERAGE(S48:T48)) -> 4 | AR48: =IF(COUNT(U48:V48)<2,"",AVERAGE(U48:V48)) -> 4 | AS48: =IF(COUNT(W48:Z48)<4,"",AVERAGE(W48:Z48)) -> 3 | AT48: =IF($C48<>1,"",IF(COUNT(AA48:AB48)<2,"",AVERAGE(AA48:AB48))) | AU48: =IF($C48<>1,"",IF(COUNT(AC48:AD48)<2,"",AVERAGE(AC48:AD48))) | AV48: =IF($C48<>1,"",IF(COUNT(AE48:AF48)<2,"",AVERAGE(AE48:AF48))) | AW48: =IF($C48<>1,"",IF(COUNT(AG48:AH48)<2,"",AVERAGE(AG48:AH48))) | AX48: =IF($C48<>1,"",IF(COUNT(AA48:AH48)<8,"",AVERAGE(AA48:AH48))) | AY48: =IF($C48<>1,"",IF(COUNT(AI48:AL48)<4,"",AVERAGE(AI48:AL48))) | AZ48: =IF($C48<>1,"",IF(OR(K48="",M48=""),"",IF(AND(OR(K48=3,K48=4),M48=3),1,0))) | BA48: 1
A49: R048 | B49: 49 | C49: 0 | D49: 1 | E49: 1 | F49: 55 | G49: 15 | H49: 2 | J49: 3 | K49: 5 | L49: 상주 근무자의 비상연락망 가동 | M49: 2 | N49: 3 | O49: 4 | P49: 4 | Q49: 4 | R49: 4 | S49: 4 | T49: 2 | U49: 4 | V49: 4 | W49: 4 | X49: 5 | Y49: 5 | Z49: 5 | AM49: =IF(COUNT(O49:V49)<8,"",AVERAGE(O49:V49)) -> 3.75 | AN49: =IF(COUNT(O49:O49)<1,"",AVERAGE(O49:O49)) -> 4 | AO49: =IF(COUNT(P49:P49)<1,"",AVERAGE(P49:P49)) -> 4 | AP49: =IF(COUNT(Q49:R49)<2,"",AVERAGE(Q49:R49)) -> 4 | AQ49: =IF(COUNT(S49:T49)<2,"",AVERAGE(S49:T49)) -> 3 | AR49: =IF(COUNT(U49:V49)<2,"",AVERAGE(U49:V49)) -> 4 | AS49: =IF(COUNT(W49:Z49)<4,"",AVERAGE(W49:Z49)) -> 4.75 | AT49: =IF($C49<>1,"",IF(COUNT(AA49:AB49)<2,"",AVERAGE(AA49:AB49))) | AU49: =IF($C49<>1,"",IF(COUNT(AC49:AD49)<2,"",AVERAGE(AC49:AD49))) | AV49: =IF($C49<>1,"",IF(COUNT(AE49:AF49)<2,"",AVERAGE(AE49:AF49))) | AW49: =IF($C49<>1,"",IF(COUNT(AG49:AH49)<2,"",AVERAGE(AG49:AH49))) | AX49: =IF($C49<>1,"",IF(COUNT(AA49:AH49)<8,"",AVERAGE(AA49:AH49))) | AY49: =IF($C49<>1,"",IF(COUNT(AI49:AL49)<4,"",AVERAGE(AI49:AL49))) | AZ49: =IF($C49<>1,"",IF(OR(K49="",M49=""),"",IF(AND(OR(K49=3,K49=4),M49=3),1,0))) | BA49: 1
A50: R049 | B50: 50 | C50: 1 | D50: 1 | E50: 1 | F50: 63 | G50: 37 | H50: 3 | J50: 2 | K50: 4 | M50: 1 | N50: 3 | O50: 4 | P50: 4 | Q50: 4 | R50: 4 | S50: 3 | T50: 4 | U50: 4 | V50: 4 | W50: 5 | X50: 4 | Y50: 5 | Z50: 4 | AA50: 4 | AB50: 4 | AC50: 4 | AD50: 4 | AE50: 4 | AF50: 4 | AG50: 4 | AH50: 4 | AI50: 4 | AJ50: 4 | AK50: 4 | AL50: 4 | AM50: =IF(COUNT(O50:V50)<8,"",AVERAGE(O50:V50)) -> 3.875 | AN50: =IF(COUNT(O50:O50)<1,"",AVERAGE(O50:O50)) -> 4 | AO50: =IF(COUNT(P50:P50)<1,"",AVERAGE(P50:P50)) -> 4 | AP50: =IF(COUNT(Q50:R50)<2,"",AVERAGE(Q50:R50)) -> 4 | AQ50: =IF(COUNT(S50:T50)<2,"",AVERAGE(S50:T50)) -> 3.5 | AR50: =IF(COUNT(U50:V50)<2,"",AVERAGE(U50:V50)) -> 4 | AS50: =IF(COUNT(W50:Z50)<4,"",AVERAGE(W50:Z50)) -> 4.5 | AT50: =IF($C50<>1,"",IF(COUNT(AA50:AB50)<2,"",AVERAGE(AA50:AB50))) -> 4 | AU50: =IF($C50<>1,"",IF(COUNT(AC50:AD50)<2,"",AVERAGE(AC50:AD50))) -> 4 | AV50: =IF($C50<>1,"",IF(COUNT(AE50:AF50)<2,"",AVERAGE(AE50:AF50))) -> 4 | AW50: =IF($C50<>1,"",IF(COUNT(AG50:AH50)<2,"",AVERAGE(AG50:AH50))) -> 4 | AX50: =IF($C50<>1,"",IF(COUNT(AA50:AH50)<8,"",AVERAGE(AA50:AH50))) -> 4 | AY50: =IF($C50<>1,"",IF(COUNT(AI50:AL50)<4,"",AVERAGE(AI50:AL50))) -> 4 | AZ50: =IF($C50<>1,"",IF(OR(K50="",M50=""),"",IF(AND(OR(K50=3,K50=4),M50=3),1,0))) -> 0 | BA50: 1
A51: R050 | B51: 51 | C51: 0 | D51: 1 | E51: 1 | F51: 37 | G51: 13 | H51: 3 | J51: 2 | K51: 3 | M51: 1 | N51: 2 | O51: 4 | P51: 4 | Q51: 4 | R51: 4 | S51: 4 | T51: 4 | U51: 4 | V51: 4 | W51: 4 | X51: 4 | Y51: 4 | Z51: 4 | AM51: =IF(COUNT(O51:V51)<8,"",AVERAGE(O51:V51)) -> 4 | AN51: =IF(COUNT(O51:O51)<1,"",AVERAGE(O51:O51)) -> 4 | AO51: =IF(COUNT(P51:P51)<1,"",AVERAGE(P51:P51)) -> 4 | AP51: =IF(COUNT(Q51:R51)<2,"",AVERAGE(Q51:R51)) -> 4 | AQ51: =IF(COUNT(S51:T51)<2,"",AVERAGE(S51:T51)) -> 4 | AR51: =IF(COUNT(U51:V51)<2,"",AVERAGE(U51:V51)) -> 4 | AS51: =IF(COUNT(W51:Z51)<4,"",AVERAGE(W51:Z51)) -> 4 | AT51: =IF($C51<>1,"",IF(COUNT(AA51:AB51)<2,"",AVERAGE(AA51:AB51))) | AU51: =IF($C51<>1,"",IF(COUNT(AC51:AD51)<2,"",AVERAGE(AC51:AD51))) | AV51: =IF($C51<>1,"",IF(COUNT(AE51:AF51)<2,"",AVERAGE(AE51:AF51))) | AW51: =IF($C51<>1,"",IF(COUNT(AG51:AH51)<2,"",AVERAGE(AG51:AH51))) | AX51: =IF($C51<>1,"",IF(COUNT(AA51:AH51)<8,"",AVERAGE(AA51:AH51))) | AY51: =IF($C51<>1,"",IF(COUNT(AI51:AL51)<4,"",AVERAGE(AI51:AL51))) | AZ51: =IF($C51<>1,"",IF(OR(K51="",M51=""),"",IF(AND(OR(K51=3,K51=4),M51=3),1,0))) | BA51: 1
A52: R051 | B52: 52 | C52: 0 | D52: 1 | E52: 2 | F52: 28 | G52: 4 | H52: 2 | J52: 4 | K52: 2 | M52: 2 | N52: 2 | O52: 3 | P52: 2 | Q52: 3 | R52: 3 | S52: 4 | T52: 2 | U52: 3 | V52: 3 | W52: 2 | X52: 2 | Y52: 2 | Z52: 2 | AM52: =IF(COUNT(O52:V52)<8,"",AVERAGE(O52:V52)) -> 2.875 | AN52: =IF(COUNT(O52:O52)<1,"",AVERAGE(O52:O52)) -> 3 | AO52: =IF(COUNT(P52:P52)<1,"",AVERAGE(P52:P52)) -> 2 | AP52: =IF(COUNT(Q52:R52)<2,"",AVERAGE(Q52:R52)) -> 3 | AQ52: =IF(COUNT(S52:T52)<2,"",AVERAGE(S52:T52)) -> 3 | AR52: =IF(COUNT(U52:V52)<2,"",AVERAGE(U52:V52)) -> 3 | AS52: =IF(COUNT(W52:Z52)<4,"",AVERAGE(W52:Z52)) -> 2 | AT52: =IF($C52<>1,"",IF(COUNT(AA52:AB52)<2,"",AVERAGE(AA52:AB52))) | AU52: =IF($C52<>1,"",IF(COUNT(AC52:AD52)<2,"",AVERAGE(AC52:AD52))) | AV52: =IF($C52<>1,"",IF(COUNT(AE52:AF52)<2,"",AVERAGE(AE52:AF52))) | AW52: =IF($C52<>1,"",IF(COUNT(AG52:AH52)<2,"",AVERAGE(AG52:AH52))) | AX52: =IF($C52<>1,"",IF(COUNT(AA52:AH52)<8,"",AVERAGE(AA52:AH52))) | AY52: =IF($C52<>1,"",IF(COUNT(AI52:AL52)<4,"",AVERAGE(AI52:AL52))) | AZ52: =IF($C52<>1,"",IF(OR(K52="",M52=""),"",IF(AND(OR(K52=3,K52=4),M52=3),1,0))) | BA52: 1
A53: R052 | B53: 53 | C53: 0 | D53: 2 | E53: 1 | F53: 33 | G53: 7 | H53: 1 | J53: 2 | K53: 2 | M53: 1 | N53: 3 | O53: 4 | P53: 5 | Q53: 4 | R53: 4 | S53: 3 | T53: 4 | U53: 5 | V53: 4 | W53: 5 | X53: 5 | Y53: 5 | Z53: 4 | AM53: =IF(COUNT(O53:V53)<8,"",AVERAGE(O53:V53)) -> 4.125 | AN53: =IF(COUNT(O53:O53)<1,"",AVERAGE(O53:O53)) -> 4 | AO53: =IF(COUNT(P53:P53)<1,"",AVERAGE(P53:P53)) -> 5 | AP53: =IF(COUNT(Q53:R53)<2,"",AVERAGE(Q53:R53)) -> 4 | AQ53: =IF(COUNT(S53:T53)<2,"",AVERAGE(S53:T53)) -> 3.5 | AR53: =IF(COUNT(U53:V53)<2,"",AVERAGE(U53:V53)) -> 4.5 | AS53: =IF(COUNT(W53:Z53)<4,"",AVERAGE(W53:Z53)) -> 4.75 | AT53: =IF($C53<>1,"",IF(COUNT(AA53:AB53)<2,"",AVERAGE(AA53:AB53))) | AU53: =IF($C53<>1,"",IF(COUNT(AC53:AD53)<2,"",AVERAGE(AC53:AD53))) | AV53: =IF($C53<>1,"",IF(COUNT(AE53:AF53)<2,"",AVERAGE(AE53:AF53))) | AW53: =IF($C53<>1,"",IF(COUNT(AG53:AH53)<2,"",AVERAGE(AG53:AH53))) | AX53: =IF($C53<>1,"",IF(COUNT(AA53:AH53)<8,"",AVERAGE(AA53:AH53))) | AY53: =IF($C53<>1,"",IF(COUNT(AI53:AL53)<4,"",AVERAGE(AI53:AL53))) | AZ53: =IF($C53<>1,"",IF(OR(K53="",M53=""),"",IF(AND(OR(K53=3,K53=4),M53=3),1,0))) | BA53: 1
A54: R053 | B54: 54 | C54: 1 | D54: 2 | E54: 1 | F54: 45 | G54: 10 | H54: 1 | J54: 2 | K54: 3 | M54: 1 | N54: 2 | O54: 5 | P54: 5 | Q54: 5 | R54: 5 | S54: 5 | T54: 4 | U54: 5 | V54: 5 | W54: 1 | X54: 1 | Y54: 5 | Z54: 1 | AA54: 5 | AB54: 5 | AC54: 5 | AD54: 5 | AE54: 5 | AF54: 3 | AG54: 5 | AH54: 5 | AI54: 5 | AJ54: 5 | AK54: 5 | AL54: 5 | AM54: =IF(COUNT(O54:V54)<8,"",AVERAGE(O54:V54)) -> 4.875 | AN54: =IF(COUNT(O54:O54)<1,"",AVERAGE(O54:O54)) -> 5 | AO54: =IF(COUNT(P54:P54)<1,"",AVERAGE(P54:P54)) -> 5 | AP54: =IF(COUNT(Q54:R54)<2,"",AVERAGE(Q54:R54)) -> 5 | AQ54: =IF(COUNT(S54:T54)<2,"",AVERAGE(S54:T54)) -> 4.5 | AR54: =IF(COUNT(U54:V54)<2,"",AVERAGE(U54:V54)) -> 5 | AS54: =IF(COUNT(W54:Z54)<4,"",AVERAGE(W54:Z54)) -> 2 | AT54: =IF($C54<>1,"",IF(COUNT(AA54:AB54)<2,"",AVERAGE(AA54:AB54))) -> 5 | AU54: =IF($C54<>1,"",IF(COUNT(AC54:AD54)<2,"",AVERAGE(AC54:AD54))) -> 5 | AV54: =IF($C54<>1,"",IF(COUNT(AE54:AF54)<2,"",AVERAGE(AE54:AF54))) -> 4 | AW54: =IF($C54<>1,"",IF(COUNT(AG54:AH54)<2,"",AVERAGE(AG54:AH54))) -> 5 | AX54: =IF($C54<>1,"",IF(COUNT(AA54:AH54)<8,"",AVERAGE(AA54:AH54))) -> 4.75 | AY54: =IF($C54<>1,"",IF(COUNT(AI54:AL54)<4,"",AVERAGE(AI54:AL54))) -> 5 | AZ54: =IF($C54<>1,"",IF(OR(K54="",M54=""),"",IF(AND(OR(K54=3,K54=4),M54=3),1,0))) -> 0 | BA54: 1
A55: R054 | B55: 55 | C55: 1 | D55: 1 | E55: 1 | F55: 40 | G55: 10 | H55: 3 | J55: 1 | K55: 2 | M55: 1 | N55: 2 | O55: 4 | P55: 4 | Q55: 3 | R55: 4 | S55: 3 | T55: 2 | U55: 4 | V55: 3 | W55: 4 | X55: 5 | Y55: 5 | Z55: 4 | AA55: 4 | AB55: 4 | AC55: 4 | AD55: 4 | AE55: 4 | AF55: 4 | AG55: 3 | AH55: 3 | AI55: 4 | AJ55: 4 | AK55: 2 | AL55: 3 | AM55: =IF(COUNT(O55:V55)<8,"",AVERAGE(O55:V55)) -> 3.375 | AN55: =IF(COUNT(O55:O55)<1,"",AVERAGE(O55:O55)) -> 4 | AO55: =IF(COUNT(P55:P55)<1,"",AVERAGE(P55:P55)) -> 4 | AP55: =IF(COUNT(Q55:R55)<2,"",AVERAGE(Q55:R55)) -> 3.5 | AQ55: =IF(COUNT(S55:T55)<2,"",AVERAGE(S55:T55)) -> 2.5 | AR55: =IF(COUNT(U55:V55)<2,"",AVERAGE(U55:V55)) -> 3.5 | AS55: =IF(COUNT(W55:Z55)<4,"",AVERAGE(W55:Z55)) -> 4.5 | AT55: =IF($C55<>1,"",IF(COUNT(AA55:AB55)<2,"",AVERAGE(AA55:AB55))) -> 4 | AU55: =IF($C55<>1,"",IF(COUNT(AC55:AD55)<2,"",AVERAGE(AC55:AD55))) -> 4 | AV55: =IF($C55<>1,"",IF(COUNT(AE55:AF55)<2,"",AVERAGE(AE55:AF55))) -> 4 | AW55: =IF($C55<>1,"",IF(COUNT(AG55:AH55)<2,"",AVERAGE(AG55:AH55))) -> 3 | AX55: =IF($C55<>1,"",IF(COUNT(AA55:AH55)<8,"",AVERAGE(AA55:AH55))) -> 3.75 | AY55: =IF($C55<>1,"",IF(COUNT(AI55:AL55)<4,"",AVERAGE(AI55:AL55))) -> 3.25 | AZ55: =IF($C55<>1,"",IF(OR(K55="",M55=""),"",IF(AND(OR(K55=3,K55=4),M55=3),1,0))) -> 0 | BA55: 1
A56: R055 | B56: 56 | C56: 1 | D56: 2 | E56: 1 | F56: 35 | G56: 10 | H56: 4 | I56: 사업관리(안전포함) | J56: 4 | K56: 3 | M56: 4 | N56: 3 | O56: 3 | P56: 4 | Q56: 4 | R56: 5 | S56: 4 | T56: 2 | U56: 4 | V56: 4 | W56: 4 | X56: 4 | Y56: 3 | Z56: 3 | AA56: 4 | AB56: 4 | AC56: 4 | AD56: 4 | AE56: 5 | AF56: 5 | AG56: 5 | AH56: 5 | AI56: 5 | AJ56: 5 | AK56: 4 | AL56: 4 | AM56: =IF(COUNT(O56:V56)<8,"",AVERAGE(O56:V56)) -> 3.75 | AN56: =IF(COUNT(O56:O56)<1,"",AVERAGE(O56:O56)) -> 3 | AO56: =IF(COUNT(P56:P56)<1,"",AVERAGE(P56:P56)) -> 4 | AP56: =IF(COUNT(Q56:R56)<2,"",AVERAGE(Q56:R56)) -> 4.5 | AQ56: =IF(COUNT(S56:T56)<2,"",AVERAGE(S56:T56)) -> 3 | AR56: =IF(COUNT(U56:V56)<2,"",AVERAGE(U56:V56)) -> 4 | AS56: =IF(COUNT(W56:Z56)<4,"",AVERAGE(W56:Z56)) -> 3.5 | AT56: =IF($C56<>1,"",IF(COUNT(AA56:AB56)<2,"",AVERAGE(AA56:AB56))) -> 4 | AU56: =IF($C56<>1,"",IF(COUNT(AC56:AD56)<2,"",AVERAGE(AC56:AD56))) -> 4 | AV56: =IF($C56<>1,"",IF(COUNT(AE56:AF56)<2,"",AVERAGE(AE56:AF56))) -> 5 | AW56: =IF($C56<>1,"",IF(COUNT(AG56:AH56)<2,"",AVERAGE(AG56:AH56))) -> 5 | AX56: =IF($C56<>1,"",IF(COUNT(AA56:AH56)<8,"",AVERAGE(AA56:AH56))) -> 4.5 | AY56: =IF($C56<>1,"",IF(COUNT(AI56:AL56)<4,"",AVERAGE(AI56:AL56))) -> 4.5 | AZ56: =IF($C56<>1,"",IF(OR(K56="",M56=""),"",IF(AND(OR(K56=3,K56=4),M56=3),1,0))) -> 0 | BA56: 1
A57: R056 | B57: 57 | C57: 0 | D57: 2 | E57: 2 | F57: 39 | G57: 13 | H57: 1 | J57: 1 | K57: 2 | M57: 2 | N57: 3 | O57: 2 | P57: 2 | Q57: 1 | R57: 1 | S57: 1 | T57: 1 | U57: 2 | V57: 1 | W57: 5 | X57: 5 | Y57: 5 | Z57: 5 | AM57: =IF(COUNT(O57:V57)<8,"",AVERAGE(O57:V57)) -> 1.375 | AN57: =IF(COUNT(O57:O57)<1,"",AVERAGE(O57:O57)) -> 2 | AO57: =IF(COUNT(P57:P57)<1,"",AVERAGE(P57:P57)) -> 2 | AP57: =IF(COUNT(Q57:R57)<2,"",AVERAGE(Q57:R57)) -> 1 | AQ57: =IF(COUNT(S57:T57)<2,"",AVERAGE(S57:T57)) -> 1 | AR57: =IF(COUNT(U57:V57)<2,"",AVERAGE(U57:V57)) -> 1.5 | AS57: =IF(COUNT(W57:Z57)<4,"",AVERAGE(W57:Z57)) -> 5 | AT57: =IF($C57<>1,"",IF(COUNT(AA57:AB57)<2,"",AVERAGE(AA57:AB57))) | AU57: =IF($C57<>1,"",IF(COUNT(AC57:AD57)<2,"",AVERAGE(AC57:AD57))) | AV57: =IF($C57<>1,"",IF(COUNT(AE57:AF57)<2,"",AVERAGE(AE57:AF57))) | AW57: =IF($C57<>1,"",IF(COUNT(AG57:AH57)<2,"",AVERAGE(AG57:AH57))) | AX57: =IF($C57<>1,"",IF(COUNT(AA57:AH57)<8,"",AVERAGE(AA57:AH57))) | AY57: =IF($C57<>1,"",IF(COUNT(AI57:AL57)<4,"",AVERAGE(AI57:AL57))) | AZ57: =IF($C57<>1,"",IF(OR(K57="",M57=""),"",IF(AND(OR(K57=3,K57=4),M57=3),1,0))) | BA57: 1
A58: R057 | B58: 58 | C58: 0 | D58: 1 | E58: 1 | F58: 59 | G58: 12 | H58: 2 | J58: 3 | K58: 2 | M58: 1 | N58: 1 | O58: 3 | P58: 4 | Q58: 2 | R58: 2 | S58: 5 | T58: 4 | U58: 4 | V58: 4 | W58: 5 | X58: 5 | Y58: 4 | Z58: 3 | AM58: =IF(COUNT(O58:V58)<8,"",AVERAGE(O58:V58)) -> 3.5 | AN58: =IF(COUNT(O58:O58)<1,"",AVERAGE(O58:O58)) -> 3 | AO58: =IF(COUNT(P58:P58)<1,"",AVERAGE(P58:P58)) -> 4 | AP58: =IF(COUNT(Q58:R58)<2,"",AVERAGE(Q58:R58)) -> 2 | AQ58: =IF(COUNT(S58:T58)<2,"",AVERAGE(S58:T58)) -> 4.5 | AR58: =IF(COUNT(U58:V58)<2,"",AVERAGE(U58:V58)) -> 4 | AS58: =IF(COUNT(W58:Z58)<4,"",AVERAGE(W58:Z58)) -> 4.25 | AT58: =IF($C58<>1,"",IF(COUNT(AA58:AB58)<2,"",AVERAGE(AA58:AB58))) | AU58: =IF($C58<>1,"",IF(COUNT(AC58:AD58)<2,"",AVERAGE(AC58:AD58))) | AV58: =IF($C58<>1,"",IF(COUNT(AE58:AF58)<2,"",AVERAGE(AE58:AF58))) | AW58: =IF($C58<>1,"",IF(COUNT(AG58:AH58)<2,"",AVERAGE(AG58:AH58))) | AX58: =IF($C58<>1,"",IF(COUNT(AA58:AH58)<8,"",AVERAGE(AA58:AH58))) | AY58: =IF($C58<>1,"",IF(COUNT(AI58:AL58)<4,"",AVERAGE(AI58:AL58))) | AZ58: =IF($C58<>1,"",IF(OR(K58="",M58=""),"",IF(AND(OR(K58=3,K58=4),M58=3),1,0))) | BA58: 1
A59: R058 | B59: 59 | C59: 1 | D59: 2 | E59: 1 | F59: 37 | G59: 4 | H59: 1 | J59: 2 | K59: 3 | M59: 2 | N59: 2 | O59: 4 | P59: 4 | Q59: 3 | R59: 4 | S59: 3 | T59: 4 | U59: 4 | V59: 4 | W59: 4 | X59: 3 | Y59: 3 | Z59: 3 | AA59: 3 | AB59: 4 | AC59: 3 | AD59: 3 | AE59: 3 | AF59: 3 | AG59: 3 | AH59: 3 | AI59: 4 | AJ59: 3 | AK59: 3 | AL59: 3 | AM59: =IF(COUNT(O59:V59)<8,"",AVERAGE(O59:V59)) -> 3.75 | AN59: =IF(COUNT(O59:O59)<1,"",AVERAGE(O59:O59)) -> 4 | AO59: =IF(COUNT(P59:P59)<1,"",AVERAGE(P59:P59)) -> 4 | AP59: =IF(COUNT(Q59:R59)<2,"",AVERAGE(Q59:R59)) -> 3.5 | AQ59: =IF(COUNT(S59:T59)<2,"",AVERAGE(S59:T59)) -> 3.5 | AR59: =IF(COUNT(U59:V59)<2,"",AVERAGE(U59:V59)) -> 4 | AS59: =IF(COUNT(W59:Z59)<4,"",AVERAGE(W59:Z59)) -> 3.25 | AT59: =IF($C59<>1,"",IF(COUNT(AA59:AB59)<2,"",AVERAGE(AA59:AB59))) -> 3.5 | AU59: =IF($C59<>1,"",IF(COUNT(AC59:AD59)<2,"",AVERAGE(AC59:AD59))) -> 3 | AV59: =IF($C59<>1,"",IF(COUNT(AE59:AF59)<2,"",AVERAGE(AE59:AF59))) -> 3 | AW59: =IF($C59<>1,"",IF(COUNT(AG59:AH59)<2,"",AVERAGE(AG59:AH59))) -> 3 | AX59: =IF($C59<>1,"",IF(COUNT(AA59:AH59)<8,"",AVERAGE(AA59:AH59))) -> 3.125 | AY59: =IF($C59<>1,"",IF(COUNT(AI59:AL59)<4,"",AVERAGE(AI59:AL59))) -> 3.25 | AZ59: =IF($C59<>1,"",IF(OR(K59="",M59=""),"",IF(AND(OR(K59=3,K59=4),M59=3),1,0))) -> 0 | BA59: 1
A60: R059 | B60: 60 | C60: 0 | D60: 1 | E60: 1 | F60: 63 | G60: 36 | H60: 3 | J60: 3 | K60: 2 | M60: 2 | N60: 2 | O60: 4 | P60: 4 | Q60: 3 | R60: 4 | S60: 3 | T60: 3 | U60: 4 | V60: 3 | W60: 3 | X60: 3 | Y60: 4 | Z60: 4 | AM60: =IF(COUNT(O60:V60)<8,"",AVERAGE(O60:V60)) -> 3.5 | AN60: =IF(COUNT(O60:O60)<1,"",AVERAGE(O60:O60)) -> 4 | AO60: =IF(COUNT(P60:P60)<1,"",AVERAGE(P60:P60)) -> 4 | AP60: =IF(COUNT(Q60:R60)<2,"",AVERAGE(Q60:R60)) -> 3.5 | AQ60: =IF(COUNT(S60:T60)<2,"",AVERAGE(S60:T60)) -> 3 | AR60: =IF(COUNT(U60:V60)<2,"",AVERAGE(U60:V60)) -> 3.5 | AS60: =IF(COUNT(W60:Z60)<4,"",AVERAGE(W60:Z60)) -> 3.5 | AT60: =IF($C60<>1,"",IF(COUNT(AA60:AB60)<2,"",AVERAGE(AA60:AB60))) | AU60: =IF($C60<>1,"",IF(COUNT(AC60:AD60)<2,"",AVERAGE(AC60:AD60))) | AV60: =IF($C60<>1,"",IF(COUNT(AE60:AF60)<2,"",AVERAGE(AE60:AF60))) | AW60: =IF($C60<>1,"",IF(COUNT(AG60:AH60)<2,"",AVERAGE(AG60:AH60))) | AX60: =IF($C60<>1,"",IF(COUNT(AA60:AH60)<8,"",AVERAGE(AA60:AH60))) | AY60: =IF($C60<>1,"",IF(COUNT(AI60:AL60)<4,"",AVERAGE(AI60:AL60))) | AZ60: =IF($C60<>1,"",IF(OR(K60="",M60=""),"",IF(AND(OR(K60=3,K60=4),M60=3),1,0))) | BA60: 1
A61: R060 | B61: 61 | C61: 0 | D61: 1 | E61: 2 | F61: 35 | G61: 4 | H61: 2 | J61: 3 | K61: 2 | M61: 2 | N61: 1 | O61: 3 | P61: 4 | Q61: 3 | R61: 4 | S61: 3 | T61: 3 | U61: 4 | V61: 4 | W61: 4 | X61: 4 | Y61: 4 | Z61: 3 | AM61: =IF(COUNT(O61:V61)<8,"",AVERAGE(O61:V61)) -> 3.5 | AN61: =IF(COUNT(O61:O61)<1,"",AVERAGE(O61:O61)) -> 3 | AO61: =IF(COUNT(P61:P61)<1,"",AVERAGE(P61:P61)) -> 4 | AP61: =IF(COUNT(Q61:R61)<2,"",AVERAGE(Q61:R61)) -> 3.5 | AQ61: =IF(COUNT(S61:T61)<2,"",AVERAGE(S61:T61)) -> 3 | AR61: =IF(COUNT(U61:V61)<2,"",AVERAGE(U61:V61)) -> 4 | AS61: =IF(COUNT(W61:Z61)<4,"",AVERAGE(W61:Z61)) -> 3.75 | AT61: =IF($C61<>1,"",IF(COUNT(AA61:AB61)<2,"",AVERAGE(AA61:AB61))) | AU61: =IF($C61<>1,"",IF(COUNT(AC61:AD61)<2,"",AVERAGE(AC61:AD61))) | AV61: =IF($C61<>1,"",IF(COUNT(AE61:AF61)<2,"",AVERAGE(AE61:AF61))) | AW61: =IF($C61<>1,"",IF(COUNT(AG61:AH61)<2,"",AVERAGE(AG61:AH61))) | AX61: =IF($C61<>1,"",IF(COUNT(AA61:AH61)<8,"",AVERAGE(AA61:AH61))) | AY61: =IF($C61<>1,"",IF(COUNT(AI61:AL61)<4,"",AVERAGE(AI61:AL61))) | AZ61: =IF($C61<>1,"",IF(OR(K61="",M61=""),"",IF(AND(OR(K61=3,K61=4),M61=3),1,0))) | BA61: 1
A62: R061 | B62: 62 | C62: 0 | D62: 1 | E62: 1 | F62: 32 | G62: 2 | H62: 2 | J62: 4 | K62: 2 | M62: 2 | N62: 1 | O62: 4 | P62: 4 | Q62: 4 | R62: 4 | S62: 4 | T62: 4 | U62: 4 | V62: 4 | W62: 3 | X62: 3 | Y62: 3 | Z62: 3 | AM62: =IF(COUNT(O62:V62)<8,"",AVERAGE(O62:V62)) -> 4 | AN62: =IF(COUNT(O62:O62)<1,"",AVERAGE(O62:O62)) -> 4 | AO62: =IF(COUNT(P62:P62)<1,"",AVERAGE(P62:P62)) -> 4 | AP62: =IF(COUNT(Q62:R62)<2,"",AVERAGE(Q62:R62)) -> 4 | AQ62: =IF(COUNT(S62:T62)<2,"",AVERAGE(S62:T62)) -> 4 | AR62: =IF(COUNT(U62:V62)<2,"",AVERAGE(U62:V62)) -> 4 | AS62: =IF(COUNT(W62:Z62)<4,"",AVERAGE(W62:Z62)) -> 3 | AT62: =IF($C62<>1,"",IF(COUNT(AA62:AB62)<2,"",AVERAGE(AA62:AB62))) | AU62: =IF($C62<>1,"",IF(COUNT(AC62:AD62)<2,"",AVERAGE(AC62:AD62))) | AV62: =IF($C62<>1,"",IF(COUNT(AE62:AF62)<2,"",AVERAGE(AE62:AF62))) | AW62: =IF($C62<>1,"",IF(COUNT(AG62:AH62)<2,"",AVERAGE(AG62:AH62))) | AX62: =IF($C62<>1,"",IF(COUNT(AA62:AH62)<8,"",AVERAGE(AA62:AH62))) | AY62: =IF($C62<>1,"",IF(COUNT(AI62:AL62)<4,"",AVERAGE(AI62:AL62))) | AZ62: =IF($C62<>1,"",IF(OR(K62="",M62=""),"",IF(AND(OR(K62=3,K62=4),M62=3),1,0))) | BA62: 1
A63: R062 | B63: 63 | C63: 1 | D63: 2 | E63: 1 | F63: 46 | G63: 6 | H63: 1 | J63: 4 | K63: 3 | M63: 4 | N63: 2 | O63: 3 | P63: 3 | Q63: 4 | R63: 2 | S63: 2 | T63: 2 | U63: 3 | V63: 3 | W63: 2 | X63: 2 | Y63: 2 | Z63: 2 | AA63: 3 | AB63: 3 | AC63: 3 | AD63: 4 | AE63: 4 | AF63: 4 | AG63: 4 | AH63: 5 | AI63: 5 | AJ63: 5 | AK63: 5 | AL63: 4 | AM63: =IF(COUNT(O63:V63)<8,"",AVERAGE(O63:V63)) -> 2.75 | AN63: =IF(COUNT(O63:O63)<1,"",AVERAGE(O63:O63)) -> 3 | AO63: =IF(COUNT(P63:P63)<1,"",AVERAGE(P63:P63)) -> 3 | AP63: =IF(COUNT(Q63:R63)<2,"",AVERAGE(Q63:R63)) -> 3 | AQ63: =IF(COUNT(S63:T63)<2,"",AVERAGE(S63:T63)) -> 2 | AR63: =IF(COUNT(U63:V63)<2,"",AVERAGE(U63:V63)) -> 3 | AS63: =IF(COUNT(W63:Z63)<4,"",AVERAGE(W63:Z63)) -> 2 | AT63: =IF($C63<>1,"",IF(COUNT(AA63:AB63)<2,"",AVERAGE(AA63:AB63))) -> 3 | AU63: =IF($C63<>1,"",IF(COUNT(AC63:AD63)<2,"",AVERAGE(AC63:AD63))) -> 3.5 | AV63: =IF($C63<>1,"",IF(COUNT(AE63:AF63)<2,"",AVERAGE(AE63:AF63))) -> 4 | AW63: =IF($C63<>1,"",IF(COUNT(AG63:AH63)<2,"",AVERAGE(AG63:AH63))) -> 4.5 | AX63: =IF($C63<>1,"",IF(COUNT(AA63:AH63)<8,"",AVERAGE(AA63:AH63))) -> 3.75 | AY63: =IF($C63<>1,"",IF(COUNT(AI63:AL63)<4,"",AVERAGE(AI63:AL63))) -> 4.75 | AZ63: =IF($C63<>1,"",IF(OR(K63="",M63=""),"",IF(AND(OR(K63=3,K63=4),M63=3),1,0))) -> 0 | BA63: 1
A64: R063 | B64: 64 | C64: 0 | D64: 1 | E64: 1 | F64: 61 | G64: 30 | H64: 3 | J64: 4 | K64: 2 | M64: 2 | N64: 1 | O64: 4 | P64: 4 | Q64: 3 | R64: 4 | S64: 4 | T64: 3 | U64: 4 | V64: 4 | W64: 3 | X64: 4 | Y64: 4 | Z64: 4 | AM64: =IF(COUNT(O64:V64)<8,"",AVERAGE(O64:V64)) -> 3.75 | AN64: =IF(COUNT(O64:O64)<1,"",AVERAGE(O64:O64)) -> 4 | AO64: =IF(COUNT(P64:P64)<1,"",AVERAGE(P64:P64)) -> 4 | AP64: =IF(COUNT(Q64:R64)<2,"",AVERAGE(Q64:R64)) -> 3.5 | AQ64: =IF(COUNT(S64:T64)<2,"",AVERAGE(S64:T64)) -> 3.5 | AR64: =IF(COUNT(U64:V64)<2,"",AVERAGE(U64:V64)) -> 4 | AS64: =IF(COUNT(W64:Z64)<4,"",AVERAGE(W64:Z64)) -> 3.75 | AT64: =IF($C64<>1,"",IF(COUNT(AA64:AB64)<2,"",AVERAGE(AA64:AB64))) | AU64: =IF($C64<>1,"",IF(COUNT(AC64:AD64)<2,"",AVERAGE(AC64:AD64))) | AV64: =IF($C64<>1,"",IF(COUNT(AE64:AF64)<2,"",AVERAGE(AE64:AF64))) | AW64: =IF($C64<>1,"",IF(COUNT(AG64:AH64)<2,"",AVERAGE(AG64:AH64))) | AX64: =IF($C64<>1,"",IF(COUNT(AA64:AH64)<8,"",AVERAGE(AA64:AH64))) | AY64: =IF($C64<>1,"",IF(COUNT(AI64:AL64)<4,"",AVERAGE(AI64:AL64))) | AZ64: =IF($C64<>1,"",IF(OR(K64="",M64=""),"",IF(AND(OR(K64=3,K64=4),M64=3),1,0))) | BA64: 1
A65: R064 | B65: 65 | C65: 0 | D65: 2 | E65: 1 | F65: 39 | G65: 2 | H65: 1 | J65: 3 | K65: 3 | M65: 2 | N65: 1 | O65: 4 | P65: 4 | Q65: 4 | R65: 4 | S65: 3 | T65: 2 | U65: 4 | V65: 3 | W65: 4 | X65: 4 | Y65: 4 | Z65: 4 | AM65: =IF(COUNT(O65:V65)<8,"",AVERAGE(O65:V65)) -> 3.5 | AN65: =IF(COUNT(O65:O65)<1,"",AVERAGE(O65:O65)) -> 4 | AO65: =IF(COUNT(P65:P65)<1,"",AVERAGE(P65:P65)) -> 4 | AP65: =IF(COUNT(Q65:R65)<2,"",AVERAGE(Q65:R65)) -> 4 | AQ65: =IF(COUNT(S65:T65)<2,"",AVERAGE(S65:T65)) -> 2.5 | AR65: =IF(COUNT(U65:V65)<2,"",AVERAGE(U65:V65)) -> 3.5 | AS65: =IF(COUNT(W65:Z65)<4,"",AVERAGE(W65:Z65)) -> 4 | AT65: =IF($C65<>1,"",IF(COUNT(AA65:AB65)<2,"",AVERAGE(AA65:AB65))) | AU65: =IF($C65<>1,"",IF(COUNT(AC65:AD65)<2,"",AVERAGE(AC65:AD65))) | AV65: =IF($C65<>1,"",IF(COUNT(AE65:AF65)<2,"",AVERAGE(AE65:AF65))) | AW65: =IF($C65<>1,"",IF(COUNT(AG65:AH65)<2,"",AVERAGE(AG65:AH65))) | AX65: =IF($C65<>1,"",IF(COUNT(AA65:AH65)<8,"",AVERAGE(AA65:AH65))) | AY65: =IF($C65<>1,"",IF(COUNT(AI65:AL65)<4,"",AVERAGE(AI65:AL65))) | AZ65: =IF($C65<>1,"",IF(OR(K65="",M65=""),"",IF(AND(OR(K65=3,K65=4),M65=3),1,0))) | BA65: 1
A66: R065 | B66: 66 | C66: 1 | D66: 1 | E66: 1 | F66: 53 | G66: 23 | H66: 2 | J66: 4 | K66: 3 | M66: 2 | N66: 2 | O66: 3 | P66: 4 | Q66: 3 | R66: 3 | S66: 3 | T66: 3 | U66: 4 | V66: 4 | W66: 3 | X66: 3 | Y66: 5 | Z66: 2 | AA66: 4 | AB66: 1 | AC66: 5 | AD66: 3 | AE66: 3 | AF66: 3 | AG66: 4 | AH66: 3 | AI66: 2 | AJ66: 2 | AK66: 3 | AL66: 3 | AM66: =IF(COUNT(O66:V66)<8,"",AVERAGE(O66:V66)) -> 3.375 | AN66: =IF(COUNT(O66:O66)<1,"",AVERAGE(O66:O66)) -> 3 | AO66: =IF(COUNT(P66:P66)<1,"",AVERAGE(P66:P66)) -> 4 | AP66: =IF(COUNT(Q66:R66)<2,"",AVERAGE(Q66:R66)) -> 3 | AQ66: =IF(COUNT(S66:T66)<2,"",AVERAGE(S66:T66)) -> 3 | AR66: =IF(COUNT(U66:V66)<2,"",AVERAGE(U66:V66)) -> 4 | AS66: =IF(COUNT(W66:Z66)<4,"",AVERAGE(W66:Z66)) -> 3.25 | AT66: =IF($C66<>1,"",IF(COUNT(AA66:AB66)<2,"",AVERAGE(AA66:AB66))) -> 2.5 | AU66: =IF($C66<>1,"",IF(COUNT(AC66:AD66)<2,"",AVERAGE(AC66:AD66))) -> 4 | AV66: =IF($C66<>1,"",IF(COUNT(AE66:AF66)<2,"",AVERAGE(AE66:AF66))) -> 3 | AW66: =IF($C66<>1,"",IF(COUNT(AG66:AH66)<2,"",AVERAGE(AG66:AH66))) -> 3.5 | AX66: =IF($C66<>1,"",IF(COUNT(AA66:AH66)<8,"",AVERAGE(AA66:AH66))) -> 3.25 | AY66: =IF($C66<>1,"",IF(COUNT(AI66:AL66)<4,"",AVERAGE(AI66:AL66))) -> 2.5 | AZ66: =IF($C66<>1,"",IF(OR(K66="",M66=""),"",IF(AND(OR(K66=3,K66=4),M66=3),1,0))) -> 0 | BA66: 1
A67: R066 | B67: 67 | C67: 0 | D67: 1 | E67: 2 | F67: 50 | G67: 26 | H67: 1 | J67: 1 | K67: 2 | M67: 2 | N67: 3 | O67: 3 | P67: 3 | Q67: 3 | R67: 3 | S67: 3 | T67: 3 | U67: 3 | V67: 3 | W67: 5 | X67: 4 | Y67: 4 | Z67: 4 | AM67: =IF(COUNT(O67:V67)<8,"",AVERAGE(O67:V67)) -> 3 | AN67: =IF(COUNT(O67:O67)<1,"",AVERAGE(O67:O67)) -> 3 | AO67: =IF(COUNT(P67:P67)<1,"",AVERAGE(P67:P67)) -> 3 | AP67: =IF(COUNT(Q67:R67)<2,"",AVERAGE(Q67:R67)) -> 3 | AQ67: =IF(COUNT(S67:T67)<2,"",AVERAGE(S67:T67)) -> 3 | AR67: =IF(COUNT(U67:V67)<2,"",AVERAGE(U67:V67)) -> 3 | AS67: =IF(COUNT(W67:Z67)<4,"",AVERAGE(W67:Z67)) -> 4.25 | AT67: =IF($C67<>1,"",IF(COUNT(AA67:AB67)<2,"",AVERAGE(AA67:AB67))) | AU67: =IF($C67<>1,"",IF(COUNT(AC67:AD67)<2,"",AVERAGE(AC67:AD67))) | AV67: =IF($C67<>1,"",IF(COUNT(AE67:AF67)<2,"",AVERAGE(AE67:AF67))) | AW67: =IF($C67<>1,"",IF(COUNT(AG67:AH67)<2,"",AVERAGE(AG67:AH67))) | AX67: =IF($C67<>1,"",IF(COUNT(AA67:AH67)<8,"",AVERAGE(AA67:AH67))) | AY67: =IF($C67<>1,"",IF(COUNT(AI67:AL67)<4,"",AVERAGE(AI67:AL67))) | AZ67: =IF($C67<>1,"",IF(OR(K67="",M67=""),"",IF(AND(OR(K67=3,K67=4),M67=3),1,0))) | BA67: 1
A68: R067 | B68: 68 | C68: 0 | D68: 1 | E68: 1 | F68: 54 | G68: 5 | H68: 2 | J68: 3 | K68: 2 | M68: 2 | N68: 1 | O68: 3 | P68: 5 | Q68: 4 | R68: 4 | S68: 4 | T68: 4 | U68: 4 | V68: 5 | W68: 5 | X68: 5 | Y68: 5 | Z68: 5 | AM68: =IF(COUNT(O68:V68)<8,"",AVERAGE(O68:V68)) -> 4.125 | AN68: =IF(COUNT(O68:O68)<1,"",AVERAGE(O68:O68)) -> 3 | AO68: =IF(COUNT(P68:P68)<1,"",AVERAGE(P68:P68)) -> 5 | AP68: =IF(COUNT(Q68:R68)<2,"",AVERAGE(Q68:R68)) -> 4 | AQ68: =IF(COUNT(S68:T68)<2,"",AVERAGE(S68:T68)) -> 4 | AR68: =IF(COUNT(U68:V68)<2,"",AVERAGE(U68:V68)) -> 4.5 | AS68: =IF(COUNT(W68:Z68)<4,"",AVERAGE(W68:Z68)) -> 5 | AT68: =IF($C68<>1,"",IF(COUNT(AA68:AB68)<2,"",AVERAGE(AA68:AB68))) | AU68: =IF($C68<>1,"",IF(COUNT(AC68:AD68)<2,"",AVERAGE(AC68:AD68))) | AV68: =IF($C68<>1,"",IF(COUNT(AE68:AF68)<2,"",AVERAGE(AE68:AF68))) | AW68: =IF($C68<>1,"",IF(COUNT(AG68:AH68)<2,"",AVERAGE(AG68:AH68))) | AX68: =IF($C68<>1,"",IF(COUNT(AA68:AH68)<8,"",AVERAGE(AA68:AH68))) | AY68: =IF($C68<>1,"",IF(COUNT(AI68:AL68)<4,"",AVERAGE(AI68:AL68))) | AZ68: =IF($C68<>1,"",IF(OR(K68="",M68=""),"",IF(AND(OR(K68=3,K68=4),M68=3),1,0))) | BA68: 1
A69: R068 | B69: 69 | C69: 0 | D69: 2 | E69: 1 | F69: 45 | G69: 21 | H69: 1 | J69: 4 | K69: 2 | M69: 2 | N69: 2 | O69: 3 | P69: 3 | Q69: 3 | R69: 4 | S69: 4 | T69: 2 | U69: 2 | V69: 3 | W69: 5 | X69: 5 | Y69: 5 | Z69: 5 | AM69: =IF(COUNT(O69:V69)<8,"",AVERAGE(O69:V69)) -> 3 | AN69: =IF(COUNT(O69:O69)<1,"",AVERAGE(O69:O69)) -> 3 | AO69: =IF(COUNT(P69:P69)<1,"",AVERAGE(P69:P69)) -> 3 | AP69: =IF(COUNT(Q69:R69)<2,"",AVERAGE(Q69:R69)) -> 3.5 | AQ69: =IF(COUNT(S69:T69)<2,"",AVERAGE(S69:T69)) -> 3 | AR69: =IF(COUNT(U69:V69)<2,"",AVERAGE(U69:V69)) -> 2.5 | AS69: =IF(COUNT(W69:Z69)<4,"",AVERAGE(W69:Z69)) -> 5 | AT69: =IF($C69<>1,"",IF(COUNT(AA69:AB69)<2,"",AVERAGE(AA69:AB69))) | AU69: =IF($C69<>1,"",IF(COUNT(AC69:AD69)<2,"",AVERAGE(AC69:AD69))) | AV69: =IF($C69<>1,"",IF(COUNT(AE69:AF69)<2,"",AVERAGE(AE69:AF69))) | AW69: =IF($C69<>1,"",IF(COUNT(AG69:AH69)<2,"",AVERAGE(AG69:AH69))) | AX69: =IF($C69<>1,"",IF(COUNT(AA69:AH69)<8,"",AVERAGE(AA69:AH69))) | AY69: =IF($C69<>1,"",IF(COUNT(AI69:AL69)<4,"",AVERAGE(AI69:AL69))) | AZ69: =IF($C69<>1,"",IF(OR(K69="",M69=""),"",IF(AND(OR(K69=3,K69=4),M69=3),1,0))) | BA69: 1
A70: R069 | B70: 70 | C70: 0 | D70: 1 | E70: 1 | F70: 67 | G70: 10 | H70: 2 | J70: 4 | K70: 2 | M70: 2 | N70: 2 | O70: 3 | P70: 4 | Q70: 2 | R70: 3 | S70: 2 | T70: 3 | U70: 4 | V70: 3 | W70: 4 | X70: 4 | Y70: 4 | Z70: 3 | AM70: =IF(COUNT(O70:V70)<8,"",AVERAGE(O70:V70)) -> 3 | AN70: =IF(COUNT(O70:O70)<1,"",AVERAGE(O70:O70)) -> 3 | AO70: =IF(COUNT(P70:P70)<1,"",AVERAGE(P70:P70)) -> 4 | AP70: =IF(COUNT(Q70:R70)<2,"",AVERAGE(Q70:R70)) -> 2.5 | AQ70: =IF(COUNT(S70:T70)<2,"",AVERAGE(S70:T70)) -> 2.5 | AR70: =IF(COUNT(U70:V70)<2,"",AVERAGE(U70:V70)) -> 3.5 | AS70: =IF(COUNT(W70:Z70)<4,"",AVERAGE(W70:Z70)) -> 3.75 | AT70: =IF($C70<>1,"",IF(COUNT(AA70:AB70)<2,"",AVERAGE(AA70:AB70))) | AU70: =IF($C70<>1,"",IF(COUNT(AC70:AD70)<2,"",AVERAGE(AC70:AD70))) | AV70: =IF($C70<>1,"",IF(COUNT(AE70:AF70)<2,"",AVERAGE(AE70:AF70))) | AW70: =IF($C70<>1,"",IF(COUNT(AG70:AH70)<2,"",AVERAGE(AG70:AH70))) | AX70: =IF($C70<>1,"",IF(COUNT(AA70:AH70)<8,"",AVERAGE(AA70:AH70))) | AY70: =IF($C70<>1,"",IF(COUNT(AI70:AL70)<4,"",AVERAGE(AI70:AL70))) | AZ70: =IF($C70<>1,"",IF(OR(K70="",M70=""),"",IF(AND(OR(K70=3,K70=4),M70=3),1,0))) | BA70: 1
A71: R070 | B71: 71 | C71: 1 | D71: 2 | E71: 1 | F71: 33 | G71: 6 | H71: 2 | J71: 3 | K71: 3 | M71: 4 | N71: 2 | O71: 5 | P71: 5 | Q71: 5 | R71: 5 | S71: 4 | T71: 2 | U71: 3 | V71: 5 | W71: 4 | X71: 5 | Y71: 5 | Z71: 5 | AA71: 1 | AB71: 3 | AC71: 3 | AD71: 3 | AE71: 3 | AF71: 3 | AG71: 3 | AH71: 4 | AI71: 3 | AJ71: 4 | AK71: 4 | AL71: 4 | AM71: =IF(COUNT(O71:V71)<8,"",AVERAGE(O71:V71)) -> 4.25 | AN71: =IF(COUNT(O71:O71)<1,"",AVERAGE(O71:O71)) -> 5 | AO71: =IF(COUNT(P71:P71)<1,"",AVERAGE(P71:P71)) -> 5 | AP71: =IF(COUNT(Q71:R71)<2,"",AVERAGE(Q71:R71)) -> 5 | AQ71: =IF(COUNT(S71:T71)<2,"",AVERAGE(S71:T71)) -> 3 | AR71: =IF(COUNT(U71:V71)<2,"",AVERAGE(U71:V71)) -> 4 | AS71: =IF(COUNT(W71:Z71)<4,"",AVERAGE(W71:Z71)) -> 4.75 | AT71: =IF($C71<>1,"",IF(COUNT(AA71:AB71)<2,"",AVERAGE(AA71:AB71))) -> 2 | AU71: =IF($C71<>1,"",IF(COUNT(AC71:AD71)<2,"",AVERAGE(AC71:AD71))) -> 3 | AV71: =IF($C71<>1,"",IF(COUNT(AE71:AF71)<2,"",AVERAGE(AE71:AF71))) -> 3 | AW71: =IF($C71<>1,"",IF(COUNT(AG71:AH71)<2,"",AVERAGE(AG71:AH71))) -> 3.5 | AX71: =IF($C71<>1,"",IF(COUNT(AA71:AH71)<8,"",AVERAGE(AA71:AH71))) -> 2.875 | AY71: =IF($C71<>1,"",IF(COUNT(AI71:AL71)<4,"",AVERAGE(AI71:AL71))) -> 3.75 | AZ71: =IF($C71<>1,"",IF(OR(K71="",M71=""),"",IF(AND(OR(K71=3,K71=4),M71=3),1,0))) -> 0 | BA71: 1
A72: R071 | B72: 72 | C72: 1 | D72: 1 | E72: 1 | F72: 54 | G72: 18 | H72: 3 | J72: 4 | K72: 4 | M72: 3 | N72: 1 | O72: 4 | P72: 5 | Q72: 4 | R72: 5 | S72: 5 | T72: 5 | U72: 5 | V72: 5 | W72: 3 | X72: 3 | Y72: 3 | Z72: 3 | AA72: 4 | AB72: 4 | AC72: 4 | AD72: 4 | AE72: 4 | AF72: 4 | AG72: 4 | AH72: 4 | AI72: 4 | AJ72: 4 | AK72: 4 | AL72: 4 | AM72: =IF(COUNT(O72:V72)<8,"",AVERAGE(O72:V72)) -> 4.75 | AN72: =IF(COUNT(O72:O72)<1,"",AVERAGE(O72:O72)) -> 4 | AO72: =IF(COUNT(P72:P72)<1,"",AVERAGE(P72:P72)) -> 5 | AP72: =IF(COUNT(Q72:R72)<2,"",AVERAGE(Q72:R72)) -> 4.5 | AQ72: =IF(COUNT(S72:T72)<2,"",AVERAGE(S72:T72)) -> 5 | AR72: =IF(COUNT(U72:V72)<2,"",AVERAGE(U72:V72)) -> 5 | AS72: =IF(COUNT(W72:Z72)<4,"",AVERAGE(W72:Z72)) -> 3 | AT72: =IF($C72<>1,"",IF(COUNT(AA72:AB72)<2,"",AVERAGE(AA72:AB72))) -> 4 | AU72: =IF($C72<>1,"",IF(COUNT(AC72:AD72)<2,"",AVERAGE(AC72:AD72))) -> 4 | AV72: =IF($C72<>1,"",IF(COUNT(AE72:AF72)<2,"",AVERAGE(AE72:AF72))) -> 4 | AW72: =IF($C72<>1,"",IF(COUNT(AG72:AH72)<2,"",AVERAGE(AG72:AH72))) -> 4 | AX72: =IF($C72<>1,"",IF(COUNT(AA72:AH72)<8,"",AVERAGE(AA72:AH72))) -> 4 | AY72: =IF($C72<>1,"",IF(COUNT(AI72:AL72)<4,"",AVERAGE(AI72:AL72))) -> 4 | AZ72: =IF($C72<>1,"",IF(OR(K72="",M72=""),"",IF(AND(OR(K72=3,K72=4),M72=3),1,0))) -> 1 | BA72: 1
A73: R072 | B73: 73 | C73: 1 | D73: 1 | E73: 1 | F73: 53 | G73: 25 | H73: 4 | I73: 공무 | J73: 3 | K73: 2 | M73: 2 | N73: 4 | O73: 4 | P73: 4 | Q73: 4 | R73: 4 | S73: 4 | T73: 4 | U73: 4 | V73: 5 | W73: 2 | X73: 2 | Y73: 2 | Z73: 2 | AA73: 4 | AB73: 4 | AC73: 4 | AD73: 4 | AE73: 4 | AF73: 4 | AG73: 4 | AH73: 4 | AI73: 3 | AJ73: 4 | AK73: 4 | AL73: 3 | AM73: =IF(COUNT(O73:V73)<8,"",AVERAGE(O73:V73)) -> 4.125 | AN73: =IF(COUNT(O73:O73)<1,"",AVERAGE(O73:O73)) -> 4 | AO73: =IF(COUNT(P73:P73)<1,"",AVERAGE(P73:P73)) -> 4 | AP73: =IF(COUNT(Q73:R73)<2,"",AVERAGE(Q73:R73)) -> 4 | AQ73: =IF(COUNT(S73:T73)<2,"",AVERAGE(S73:T73)) -> 4 | AR73: =IF(COUNT(U73:V73)<2,"",AVERAGE(U73:V73)) -> 4.5 | AS73: =IF(COUNT(W73:Z73)<4,"",AVERAGE(W73:Z73)) -> 2 | AT73: =IF($C73<>1,"",IF(COUNT(AA73:AB73)<2,"",AVERAGE(AA73:AB73))) -> 4 | AU73: =IF($C73<>1,"",IF(COUNT(AC73:AD73)<2,"",AVERAGE(AC73:AD73))) -> 4 | AV73: =IF($C73<>1,"",IF(COUNT(AE73:AF73)<2,"",AVERAGE(AE73:AF73))) -> 4 | AW73: =IF($C73<>1,"",IF(COUNT(AG73:AH73)<2,"",AVERAGE(AG73:AH73))) -> 4 | AX73: =IF($C73<>1,"",IF(COUNT(AA73:AH73)<8,"",AVERAGE(AA73:AH73))) -> 4 | AY73: =IF($C73<>1,"",IF(COUNT(AI73:AL73)<4,"",AVERAGE(AI73:AL73))) -> 3.5 | AZ73: =IF($C73<>1,"",IF(OR(K73="",M73=""),"",IF(AND(OR(K73=3,K73=4),M73=3),1,0))) -> 0 | BA73: 1
A74: R073 | B74: 74 | C74: 0 | D74: 2 | E74: 1 | F74: 37 | G74: 2 | H74: 4 | I74: 설계자 | J74: 4 | K74: 2 | M74: 4 | N74: 3 | O74: 1 | P74: 5 | Q74: 3 | R74: 1 | S74: 5 | T74: 2 | U74: 3 | V74: 2 | W74: 5 | X74: 5 | Y74: 5 | Z74: 4 | AM74: =IF(COUNT(O74:V74)<8,"",AVERAGE(O74:V74)) -> 2.75 | AN74: =IF(COUNT(O74:O74)<1,"",AVERAGE(O74:O74)) -> 1 | AO74: =IF(COUNT(P74:P74)<1,"",AVERAGE(P74:P74)) -> 5 | AP74: =IF(COUNT(Q74:R74)<2,"",AVERAGE(Q74:R74)) -> 2 | AQ74: =IF(COUNT(S74:T74)<2,"",AVERAGE(S74:T74)) -> 3.5 | AR74: =IF(COUNT(U74:V74)<2,"",AVERAGE(U74:V74)) -> 2.5 | AS74: =IF(COUNT(W74:Z74)<4,"",AVERAGE(W74:Z74)) -> 4.75 | AT74: =IF($C74<>1,"",IF(COUNT(AA74:AB74)<2,"",AVERAGE(AA74:AB74))) | AU74: =IF($C74<>1,"",IF(COUNT(AC74:AD74)<2,"",AVERAGE(AC74:AD74))) | AV74: =IF($C74<>1,"",IF(COUNT(AE74:AF74)<2,"",AVERAGE(AE74:AF74))) | AW74: =IF($C74<>1,"",IF(COUNT(AG74:AH74)<2,"",AVERAGE(AG74:AH74))) | AX74: =IF($C74<>1,"",IF(COUNT(AA74:AH74)<8,"",AVERAGE(AA74:AH74))) | AY74: =IF($C74<>1,"",IF(COUNT(AI74:AL74)<4,"",AVERAGE(AI74:AL74))) | AZ74: =IF($C74<>1,"",IF(OR(K74="",M74=""),"",IF(AND(OR(K74=3,K74=4),M74=3),1,0))) | BA74: 1

Sheet 분석자료
A1: resp_id | B1: group | C1: A1_affil | D1: A2_sex | E1: A3_age | F1: A4_exp | G1: A5_role | H1: A5_role_other | I1: A6_cost | J1: A7_path | K1: A7_path_other | L1: A8_when | M1: A9_lag | N1: B1 | O1: B2 | P1: B3 | Q1: B4 | R1: B5 | S1: B6 | T1: B7 | U1: B8 | V1: C1 | W1: C2 | X1: C3 | Y1: C4 | Z1: D1 | AA1: D2 | AB1: D3 | AC1: D4 | AD1: D5 | AE1: D6 | AF1: D7 | AG1: D8 | AH1: E1 | AI1: E2 | AJ1: E3 | AK1: E4 | AL1: Y_total | AM1: Y1 | AN1: Y2 | AO1: Y3 | AP1: Y4 | AQ1: Y5 | AR1: W | AS1: D_sub1 | AT1: D_sub2 | AU1: D_sub3 | AV1: D_sub4 | AW1: D_total | AX1: E_total | AY1: sys_path | AZ1: include | BA1: exclude_reason
A2: R001 | B2: 1 | C2: 2 | D2: 1 | E2: 34 | F2: 6 | G2: 1 | I2: 3 | J2: 3 | L2: 3 | M2: 2 | N2: 3 | O2: 3 | P2: 3 | Q2: 3 | R2: 3 | S2: 3 | T2: 3 | U2: 3 | V2: 3 | W2: 3 | X2: 3 | Y2: 3 | Z2: 3 | AA2: 3 | AB2: 3 | AC2: 3 | AD2: 3 | AE2: 3 | AF2: 3 | AG2: 3 | AH2: 3 | AI2: 3 | AJ2: 3 | AK2: 3 | AL2: 3 | AM2: 3 | AN2: 3 | AO2: 3 | AP2: 3 | AQ2: 3 | AR2: 3 | AS2: 3 | AT2: 3 | AU2: 3 | AV2: 3 | AW2: 3 | AX2: 3 | AY2: 1 | AZ2: 0 | BA2: 시험 응답(현장명 '테스트')
A3: R002 | B3: 1 | C3: 2 | D3: 1 | E3: 38 | F3: 11 | G3: 1 | I3: 1 | J3: 1 | L3: 1 | M3: 1 | N3: 5 | O3: 5 | P3: 5 | Q3: 5 | R3: 5 | S3: 5 | T3: 5 | U3: 5 | V3: 5 | W3: 5 | X3: 5 | Y3: 5 | Z3: 5 | AA3: 5 | AB3: 5 | AC3: 5 | AD3: 5 | AE3: 5 | AF3: 5 | AG3: 5 | AH3: 5 | AI3: 5 | AJ3: 5 | AK3: 5 | AL3: 5 | AM3: 5 | AN3: 5 | AO3: 5 | AP3: 5 | AQ3: 5 | AR3: 5 | AS3: 5 | AT3: 5 | AU3: 5 | AV3: 5 | AW3: 5 | AX3: 5 | AY3: 0 | AZ3: 0 | BA3: 연구자 본인 시험 응답(현장명 '없음')
A4: R003 | B4: 0 | C4: 1 | D4: 1 | E4: 58 | F4: 35 | G4: 3 | I4: 2 | J4: 2 | L4: 2 | M4: 2 | N4: 3 | O4: 3 | P4: 2 | Q4: 2 | R4: 2 | S4: 3 | T4: 3 | U4: 4 | V4: 4 | W4: 4 | X4: 4 | Y4: 4 | AL4: 2.75 | AM4: 3 | AN4: 3 | AO4: 2 | AP4: 2.5 | AQ4: 3.5 | AR4: 4 | AZ4: 1
A5: R004 | B5: 0 | C5: 1 | D5: 1 | E5: 63 | F5: 34 | G5: 3 | I5: 3 | J5: 2 | L5: 2 | M5: 2 | N5: 4 | O5: 4 | P5: 4 | Q5: 3 | R5: 3 | S5: 4 | T5: 4 | U5: 3 | V5: 3 | W5: 3 | X5: 3 | Y5: 3 | AL5: 3.625 | AM5: 4 | AN5: 4 | AO5: 3.5 | AP5: 3.5 | AQ5: 3.5 | AR5: 3 | AZ5: 1
A6: R005 | B6: 1 | C6: 2 | D6: 1 | E6: 48 | F6: 9 | G6: 1 | I6: 3 | J6: 2 | L6: 1 | M6: 1 | N6: 3 | O6: 4 | P6: 3 | Q6: 4 | R6: 4 | S6: 4 | T6: 4 | U6: 4 | V6: 3 | W6: 3 | X6: 3 | Y6: 3 | Z6: 3 | AA6: 3 | AB6: 4 | AC6: 4 | AD6: 4 | AE6: 3 | AF6: 4 | AG6: 4 | AH6: 4 | AI6: 4 | AJ6: 4 | AK6: 4 | AL6: 3.75 | AM6: 3 | AN6: 4 | AO6: 3.5 | AP6: 4 | AQ6: 4 | AR6: 3 | AS6: 3 | AT6: 4 | AU6: 3.5 | AV6: 4 | AW6: 3.625 | AX6: 4 | AY6: 0 | AZ6: 1
A7: R006 | B7: 1 | C7: 1 | D7: 1 | E7: 50 | F7: 25 | G7: 2 | I7: 4 | J7: 2 | L7: 1 | M7: 2 | N7: 3 | O7: 3 | P7: 4 | Q7: 4 | R7: 4 | S7: 4 | T7: 4 | U7: 4 | V7: 5 | W7: 5 | X7: 5 | Y7: 4 | Z7: 4 | AA7: 4 | AB7: 4 | AC7: 4 | AD7: 4 | AE7: 4 | AF7: 4 | AG7: 4 | AH7: 4 | AI7: 4 | AJ7: 4 | AK7: 4 | AL7: 3.75 | AM7: 3 | AN7: 3 | AO7: 4 | AP7: 4 | AQ7: 4 | AR7: 4.75 | AS7: 4 | AT7: 4 | AU7: 4 | AV7: 4 | AW7: 4 | AX7: 4 | AY7: 0 | AZ7: 1
A8: R007 | B8: 0 | C8: 1 | D8: 1 | E8: 51 | F8: 26 | G8: 2 | I8: 4 | J8: 2 | L8: 2 | M8: 1 | N8: 4 | O8: 4 | P8: 4 | Q8: 4 | R8: 3 | S8: 4 | T8: 4 | U8: 4 | V8: 4 | W8: 4 | X8: 4 | Y8: 4 | AL8: 3.875 | AM8: 4 | AN8: 4 | AO8: 4 | AP8: 3.5 | AQ8: 4 | AR8: 4 | AZ8: 1
A9: R008 | B9: 0 | C9: 1 | D9: 1 | E9: 43 | F9: 1 | G9: 3 | I9: 2 | J9: 2 | L9: 2 | M9: 1 | N9: 4 | O9: 3 | P9: 3 | Q9: 4 | R9: 3 | S9: 2 | T9: 3 | U9: 4 | V9: 3 | W9: 4 | X9: 4 | Y9: 3 | AL9: 3.25 | AM9: 4 | AN9: 3 | AO9: 3.5 | AP9: 2.5 | AQ9: 3.5 | AR9: 3.5 | AZ9: 1
A10: R009 | B10: 1 | C10: 2 | D10: 1 | E10: 32 | F10: 2 | G10: 1 | I10: 3 | J10: 3 | L10: 2 | M10: 3 | N10: 5 | O10: 5 | P10: 5 | Q10: 5 | R10: 5 | S10: 5 | T10: 5 | U10: 5 | V10: 3 | W10: 3 | X10: 2 | Y10: 2 | Z10: 5 | AA10: 5 | AB10: 5 | AC10: 5 | AD10: 5 | AE10: 5 | AF10: 5 | AG10: 5 | AH10: 5 | AI10: 5 | AJ10: 5 | AK10: 5 | AL10: 5 | AM10: 5 | AN10: 5 | AO10: 5 | AP10: 5 | AQ10: 5 | AR10: 2.5 | AS10: 5 | AT10: 5 | AU10: 5 | AV10: 5 | AW10: 5 | AX10: 5 | AY10: 0 | AZ10: 1
A11: R010 | B11: 1 | C11: 2 | D11: 1 | E11: 32 | F11: 5 | G11: 1 | I11: 2 | J11: 4 | L11: 3 | M11: 2 | N11: 2 | O11: 3 | P11: 3 | Q11: 3 | R11: 3 | S11: 3 | T11: 4 | U11: 3 | V11: 4 | W11: 4 | X11: 4 | Y11: 4 | Z11: 4 | AA11: 3 | AB11: 3 | AC11: 3 | AD11: 2 | AE11: 2 | AF11: 4 | AG11: 3 | AH11: 3 | AI11: 3 | AJ11: 3 | AK11: 3 | AL11: 3 | AM11: 2 | AN11: 3 | AO11: 3 | AP11: 3 | AQ11: 3.5 | AR11: 4 | AS11: 3.5 | AT11: 3 | AU11: 2 | AV11: 3.5 | AW11: 3 | AX11: 3 | AY11: 1 | AZ11: 1
A12: R011 | B12: 1 | C12: 2 | D12: 1 | E12: 49 | F12: 1 | G12: 1 | I12: 3 | J12: 2 | L12: 2 | M12: 2 | N12: 2 | O12: 3 | P12: 3 | Q12: 2 | R12: 5 | S12: 2 | T12: 3 | U12: 3 | V12: 2 | W12: 2 | X12: 2 | Y12: 2 | Z12: 4 | AA12: 4 | AB12: 4 | AC12: 4 | AD12: 3 | AE12: 3 | AF12: 4 | AG12: 4 | AH12: 3 | AI12: 3 | AJ12: 2 | AK12: 2 | AL12: 2.875 | AM12: 2 | AN12: 3 | AO12: 2.5 | AP12: 3.5 | AQ12: 3 | AR12: 2 | AS12: 4 | AT12: 4 | AU12: 3 | AV12: 4 | AW12: 3.75 | AX12: 2.5 | AY12: 0 | AZ12: 1
A13: R012 | B13: 1 | C13: 2 | D13: 1 | E13: 30 | F13: 3 | G13: 1 | I13: 2 | J13: 4 | L13: 2 | M13: 2 | N13: 4 | O13: 5 | P13: 3 | Q13: 4 | R13: 4 | S13: 3 | T13: 4 | U13: 4 | V13: 2 | W13: 2 | X13: 3 | Y13: 5 | Z13: 5 | AA13: 4 | AB13: 4 | AC13: 3 | AD13: 4 | AE13: 4 | AF13: 5 | AG13: 4 | AH13: 3 | AI13: 2 | AJ13: 2 | AK13: 2 | AL13: 3.875 | AM13: 4 | AN13: 5 | AO13: 3.5 | AP13: 3.5 | AQ13: 4 | AR13: 3 | AS13: 4.5 | AT13: 3.5 | AU13: 4 | AV13: 4.5 | AW13: 4.125 | AX13: 2.25 | AY13: 0 | AZ13: 1
A14: R013 | B14: 1 | C14: 1 | D14: 1 | E14: 65 | F14: 12 | G14: 2 | I14: 4 | J14: 2 | L14: 4 | M14: 2 | N14: 3 | O14: 5 | P14: 5 | Q14: 5 | R14: 5 | S14: 5 | T14: 5 | U14: 5 | V14: 5 | W14: 5 | X14: 5 | Y14: 5 | Z14: 5 | AA14: 5 | AB14: 5 | AC14: 5 | AD14: 5 | AE14: 5 | AF14: 5 | AG14: 5 | AH14: 5 | AI14: 5 | AJ14: 5 | AK14: 5 | AL14: 4.75 | AM14: 3 | AN14: 5 | AO14: 5 | AP14: 5 | AQ14: 5 | AR14: 5 | AS14: 5 | AT14: 5 | AU14: 5 | AV14: 5 | AW14: 5 | AX14: 5 | AY14: 0 | AZ14: 1
A15: R014 | B15: 1 | C15: 1 | D15: 1 | E15: 53 | F15: 28 | G15: 3 | I15: 3 | J15: 3 | L15: 1 | M15: 1 | N15: 5 | O15: 5 | P15: 5 | Q15: 4 | R15: 4 | S15: 4 | T15: 5 | U15: 4 | V15: 4 | W15: 4 | X15: 4 | Y15: 4 | Z15: 4 | AA15: 2 | AB15: 4 | AC15: 2 | AD15: 3 | AE15: 3 | AF15: 4 | AG15: 3 | AH15: 4 | AI15: 4 | AJ15: 2 | AK15: 4 | AL15: 4.5 | AM15: 5 | AN15: 5 | AO15: 4.5 | AP15: 4 | AQ15: 4.5 | AR15: 4 | AS15: 3 | AT15: 3 | AU15: 3 | AV15: 3.5 | AW15: 3.125 | AX15: 3.5 | AY15: 0 | AZ15: 1
A16: R015 | B16: 1 | C16: 1 | D16: 1 | E16: 53 | F16: 23 | G16: 3 | I16: 3 | J16: 2 | L16: 2 | M16: 2 | N16: 4 | O16: 4 | P16: 4 | Q16: 3 | R16: 3 | S16: 4 | T16: 4 | U16: 4 | V16: 3 | W16: 3 | X16: 5 | Y16: 4 | Z16: 3 | AA16: 3 | AB16: 3 | AC16: 3 | AD16: 3 | AE16: 3 | AF16: 4 | AG16: 4 | AH16: 3 | AI16: 3 | AJ16: 4 | AK16: 4 | AL16: 3.75 | AM16: 4 | AN16: 4 | AO16: 3.5 | AP16: 3.5 | AQ16: 4 | AR16: 3.75 | AS16: 3 | AT16: 3 | AU16: 3 | AV16: 4 | AW16: 3.25 | AX16: 3.5 | AY16: 0 | AZ16: 1
A17: R016 | B17: 0 | C17: 1 | D17: 1 | E17: 52 | F17: 25 | G17: 3 | I17: 3 | J17: 3 | L17: 2 | M17: 1 | N17: 4 | O17: 4 | P17: 3 | Q17: 4 | R17: 4 | S17: 4 | T17: 4 | U17: 4 | V17: 2 | W17: 2 | X17: 4 | Y17: 1 | AL17: 3.875 | AM17: 4 | AN17: 4 | AO17: 3.5 | AP17: 4 | AQ17: 4 | AR17: 2.25 | AZ17: 1
A18: R017 | B18: 1 | C18: 2 | D18: 1 | E18: 54 | F18: 20 | G18: 1 | I18: 4 | J18: 4 | L18: 3 | M18: 2 | N18: 3 | O18: 4 | P18: 4 | Q18: 4 | R18: 4 | S18: 4 | T18: 4 | U18: 4 | V18: 2 | W18: 2 | X18: 2 | Y18: 2 | Z18: 3 | AA18: 4 | AB18: 4 | AC18: 4 | AD18: 3 | AE18: 3 | AF18: 4 | AG18: 3 | AH18: 4 | AI18: 4 | AJ18: 4 | AK18: 4 | AL18: 3.875 | AM18: 3 | AN18: 4 | AO18: 4 | AP18: 4 | AQ18: 4 | AR18: 2 | AS18: 3.5 | AT18: 4 | AU18: 3 | AV18: 3.5 | AW18: 3.5 | AX18: 4 | AY18: 1 | AZ18: 1
A19: R018 | B19: 0 | C19: 1 | D19: 1 | E19: 28 | F19: 3 | G19: 2 | I19: 4 | J19: 2 | L19: 2 | M19: 2 | N19: 3 | O19: 3 | P19: 2 | Q19: 2 | R19: 2 | S19: 1 | T19: 2 | U19: 4 | V19: 1 | W19: 1 | X19: 1 | Y19: 1 | AL19: 2.375 | AM19: 3 | AN19: 3 | AO19: 2 | AP19: 1.5 | AQ19: 3 | AR19: 1 | AZ19: 1
A20: R019 | B20: 1 | C20: 2 | D20: 1 | E20: 34 | F20: 2 | G20: 1 | I20: 2 | J20: 2 | L20: 1 | M20: 2 | N20: 3 | O20: 4 | P20: 4 | Q20: 4 | R20: 3 | S20: 3 | T20: 4 | U20: 4 | V20: 3 | W20: 3 | X20: 3 | Y20: 3 | Z20: 3 | AA20: 4 | AB20: 3 | AC20: 3 | AD20: 2 | AE20: 3 | AF20: 4 | AG20: 3 | AH20: 4 | AI20: 4 | AJ20: 4 | AK20: 3 | AL20: 3.625 | AM20: 3 | AN20: 4 | AO20: 4 | AP20: 3 | AQ20: 4 | AR20: 3 | AS20: 3.5 | AT20: 3 | AU20: 2.5 | AV20: 3.5 | AW20: 3.125 | AX20: 3.75 | AY20: 0 | AZ20: 1
A21: R020 | B21: 0 | C21: 1 | D21: 1 | E21: 65 | F21: 45 | G21: 3 | I21: 2 | J21: 5 | K21: 현장상주 | L21: 1 | M21: 1 | N21: 5 | O21: 5 | P21: 5 | Q21: 5 | R21: 5 | S21: 5 | T21: 5 | U21: 5 | V21: 1 | W21: 1 | X21: 1 | Y21: 1 | AL21: 5 | AM21: 5 | AN21: 5 | AO21: 5 | AP21: 5 | AQ21: 5 | AR21: 1 | AZ21: 1
A22: R021 | B22: 1 | C22: 1 | D22: 1 | E22: 66 | F22: 33 | G22: 3 | I22: 1 | J22: 2 | L22: 1 | M22: 1 | N22: 5 | O22: 5 | P22: 4 | Q22: 4 | R22: 5 | S22: 4 | T22: 5 | U22: 5 | V22: 5 | W22: 5 | X22: 5 | Y22: 5 | Z22: 1 | AA22: 2 | AB22: 4 | AC22: 4 | AD22: 5 | AE22: 5 | AF22: 5 | AG22: 5 | AH22: 5 | AI22: 5 | AJ22: 5 | AK22: 5 | AL22: 4.625 | AM22: 5 | AN22: 5 | AO22: 4 | AP22: 4.5 | AQ22: 5 | AR22: 5 | AS22: 1.5 | AT22: 4 | AU22: 5 | AV22: 5 | AW22: 3.875 | AX22: 5 | AY22: 0 | AZ22: 1
A23: R022 | B23: 0 | C23: 1 | D23: 1 | E23: 56 | F23: 30 | G23: 3 | I23: 2 | J23: 2 | L23: 2 | M23: 2 | N23: 4 | O23: 5 | P23: 3 | Q23: 3 | R23: 3 | S23: 3 | T23: 4 | U23: 4 | V23: 3 | W23: 2 | X23: 2 | Y23: 3 | AL23: 3.625 | AM23: 4 | AN23: 5 | AO23: 3 | AP23: 3 | AQ23: 4 | AR23: 2.5 | AZ23: 1
A24: R023 | B24: 0 | C24: 1 | D24: 1 | E24: 63 | F24: 33 | G24: 2 | I24: 4 | J24: 2 | L24: 1 | M24: 3 | N24: 3 | O24: 4 | P24: 2 | Q24: 2 | R24: 3 | S24: 3 | T24: 3 | U24: 3 | V24: 4 | W24: 4 | X24: 4 | Y24: 4 | AL24: 2.875 | AM24: 3 | AN24: 4 | AO24: 2 | AP24: 3 | AQ24: 3 | AR24: 4 | AZ24: 1
A25: R024 | B25: 1 | C25: 1 | D25: 1 | E25: 64 | F25: 1 | G25: 3 | I25: 3 | J25: 5 | K25: 수시로 현장을 답사하여 확인한다 | L25: 2 | M25: 1 | N25: 5 | O25: 5 | P25: 5 | Q25: 5 | R25: 5 | S25: 5 | T25: 5 | U25: 5 | V25: 3 | W25: 1 | X25: 1 | Y25: 1 | Z25: 5 | AA25: 5 | AB25: 5 | AC25: 1 | AD25: 2 | AE25: 3 | AF25: 5 | AG25: 5 | AH25: 1 | AI25: 1 | AJ25: 5 | AK25: 1 | AL25: 5 | AM25: 5 | AN25: 5 | AO25: 5 | AP25: 5 | AQ25: 5 | AR25: 1.5 | AS25: 5 | AT25: 3 | AU25: 2.5 | AV25: 5 | AW25: 3.875 | AX25: 2 | AY25: 0 | AZ25: 1
A26: R025 | B26: 0 | C26: 1 | D26: 1 | E26: 48 | F26: 25 | G26: 3 | I26: 4 | J26: 3 | L26: 3 | M26: 1 | N26: 5 | O26: 5 | P26: 5 | Q26: 5 | R26: 5 | S26: 5 | T26: 5 | U26: 5 | V26: 2 | W26: 4 | X26: 2 | Y26: 2 | AL26: 5 | AM26: 5 | AN26: 5 | AO26: 5 | AP26: 5 | AQ26: 5 | AR26: 2.5 | AZ26: 1
A27: R026 | B27: 1 | C27: 2 | D27: 1 | E27: 45 | F27: 12 | G27: 1 | I27: 3 | J27: 3 | L27: 2 | M27: 2 | N27: 5 | O27: 5 | P27: 5 | Q27: 5 | R27: 5 | S27: 5 | T27: 5 | U27: 5 | V27: 2 | W27: 2 | X27: 2 | Y27: 5 | Z27: 5 | AA27: 5 | AB27: 5 | AC27: 5 | AD27: 5 | AE27: 5 | AF27: 5 | AG27: 5 | AH27: 5 | AI27: 5 | AJ27: 5 | AK27: 5 | AL27: 5 | AM27: 5 | AN27: 5 | AO27: 5 | AP27: 5 | AQ27: 5 | AR27: 2.75 | AS27: 5 | AT27: 5 | AU27: 5 | AV27: 5 | AW27: 5 | AX27: 5 | AY27: 0 | AZ27: 1
A28: R027 | B28: 0 | C28: 2 | D28: 1 | E28: 39 | F28: 15 | G28: 1 | I28: 1 | J28: 1 | L28: 2 | M28: 2 | N28: 2 | O28: 3 | P28: 1 | Q28: 2 | R28: 2 | S28: 1 | T28: 2 | U28: 2 | V28: 5 | W28: 4 | X28: 4 | Y28: 4 | AL28: 1.875 | AM28: 2 | AN28: 3 | AO28: 1.5 | AP28: 1.5 | AQ28: 2 | AR28: 4.25 | AZ28: 1
A29: R028 | B29: 1 | C29: 1 | D29: 1 | E29: 37 | F29: 11 | G29: 2 | I29: 4 | J29: 4 | L29: 1 | M29: 2 | N29: 4 | O29: 4 | P29: 4 | Q29: 3 | R29: 3 | S29: 3 | T29: 5 | U29: 5 | V29: 3 | W29: 3 | X29: 4 | Y29: 5 | Z29: 3 | AA29: 2 | AB29: 3 | AC29: 2 | AD29: 3 | AE29: 3 | AF29: 2 | AG29: 3 | AH29: 3 | AI29: 3 | AJ29: 4 | AK29: 3 | AL29: 3.875 | AM29: 4 | AN29: 4 | AO29: 3.5 | AP29: 3 | AQ29: 5 | AR29: 3.75 | AS29: 2.5 | AT29: 2.5 | AU29: 3 | AV29: 2.5 | AW29: 2.625 | AX29: 3.25 | AY29: 0 | AZ29: 1
A30: R029 | B30: 0 | C30: 1 | D30: 1 | E30: 32 | F30: 5 | G30: 2 | I30: 4 | J30: 3 | L30: 2 | M30: 1 | N30: 4 | O30: 4 | P30: 3 | Q30: 4 | R30: 4 | S30: 5 | T30: 5 | U30: 5 | V30: 4 | W30: 4 | X30: 3 | Y30: 4 | AL30: 4.25 | AM30: 4 | AN30: 4 | AO30: 3.5 | AP30: 4.5 | AQ30: 5 | AR30: 3.75 | AZ30: 1
A31: R030 | B31: 0 | C31: 2 | D31: 2 | E31: 24 | F31: 1 | I31: 2 | J31: 2 | L31: 2 | M31: 2 | N31: 4 | O31: 4 | P31: 4 | Q31: 4 | R31: 4 | S31: 4 | T31: 4 | U31: 4 | V31: 4 | W31: 4 | X31: 4 | Y31: 4 | AL31: 4 | AM31: 4 | AN31: 4 | AO31: 4 | AP31: 4 | AQ31: 4 | AR31: 4 | AZ31: 1
A32: R031 | B32: 1 | C32: 2 | D32: 1 | E32: 30 | F32: 4 | G32: 1 | I32: 3 | J32: 2 | L32: 2 | M32: 3 | N32: 4 | O32: 4 | P32: 4 | Q32: 4 | R32: 4 | S32: 4 | T32: 4 | U32: 4 | V32: 2 | W32: 2 | X32: 2 | Y32: 2 | Z32: 4 | AA32: 4 | AB32: 4 | AC32: 4 | AD32: 2 | AE32: 2 | AF32: 4 | AG32: 3 | AH32: 1 | AI32: 2 | AJ32: 5 | AK32: 3 | AL32: 4 | AM32: 4 | AN32: 4 | AO32: 4 | AP32: 4 | AQ32: 4 | AR32: 2 | AS32: 4 | AT32: 4 | AU32: 2 | AV32: 3.5 | AW32: 3.375 | AX32: 2.75 | AY32: 0 | AZ32: 1
A33: R032 | B33: 0 | C33: 2 | D33: 1 | E33: 52 | F33: 28 | G33: 1 | I33: 4 | J33: 3 | L33: 4 | M33: 3 | N33: 3 | O33: 3 | P33: 3 | Q33: 3 | R33: 3 | S33: 3 | T33: 4 | U33: 3 | V33: 5 | W33: 4 | X33: 5 | Y33: 5 | AL33: 3.125 | AM33: 3 | AN33: 3 | AO33: 3 | AP33: 3 | AQ33: 3.5 | AR33: 4.75 | AZ33: 1
A34: R033 | B34: 1 | C34: 1 | D34: 1 | E34: 51 | F34: 30 | G34: 3 | I34: 3 | J34: 5 | K34: 현장상주 미상주시 대체직원 상주 | L34: 1 | M34: 1 | N34: 4 | O34: 4 | P34: 4 | Q34: 4 | R34: 4 | S34: 4 | T34: 4 | U34: 4 | V34: 4 | W34: 3 | X34: 4 | Y34: 3 | Z34: 4 | AA34: 4 | AB34: 4 | AC34: 4 | AD34: 3 | AE34: 3 | AF34: 3 | AG34: 3 | AH34: 3 | AI34: 3 | AJ34: 4 | AK34: 3 | AL34: 4 | AM34: 4 | AN34: 4 | AO34: 4 | AP34: 4 | AQ34: 4 | AR34: 3.5 | AS34: 4 | AT34: 4 | AU34: 3 | AV34: 3 | AW34: 3.5 | AX34: 3.25 | AY34: 0 | AZ34: 1
A35: R034 | B35: 1 | C35: 1 | D35: 1 | E35: 58 | F35: 6 | G35: 2 | I35: 3 | J35: 4 | L35: 3 | M35: 1 | N35: 4 | O35: 4 | P35: 4 | Q35: 4 | R35: 4 | S35: 4 | T35: 4 | U35: 4 | V35: 2 | W35: 2 | X35: 2 | Y35: 2 | Z35: 3 | AA35: 4 | AB35: 4 | AC35: 3 | AD35: 3 | AE35: 3 | AF35: 4 | AG35: 3 | AH35: 4 | AI35: 4 | AJ35: 4 | AK35: 4 | AL35: 4 | AM35: 4 | AN35: 4 | AO35: 4 | AP35: 4 | AQ35: 4 | AR35: 2 | AS35: 3.5 | AT35: 3.5 | AU35: 3 | AV35: 3.5 | AW35: 3.375 | AX35: 4 | AY35: 1 | AZ35: 1
A36: R035 | B36: 1 | C36: 1 | D36: 1 | E36: 46 | F36: 20 | G36: 3 | I36: 4 | J36: 2 | L36: 2 | M36: 2 | N36: 4 | O36: 4 | P36: 3 | Q36: 3 | R36: 3 | S36: 4 | T36: 4 | U36: 4 | V36: 4 | W36: 4 | X36: 4 | Y36: 4 | Z36: 3 | AA36: 3 | AB36: 4 | AC36: 3 | AD36: 3 | AE36: 4 | AF36: 5 | AG36: 3 | AH36: 1 | AI36: 2 | AJ36: 4 | AK36: 5 | AL36: 3.625 | AM36: 4 | AN36: 4 | AO36: 3 | AP36: 3.5 | AQ36: 4 | AR36: 4 | AS36: 3 | AT36: 3.5 | AU36: 3.5 | AV36: 4 | AW36: 3.5 | AX36: 3 | AY36: 0 | AZ36: 1
A37: R036 | B37: 0 | C37: 2 | D37: 1 | E37: 60 | F37: 36 | G37: 1 | I37: 4 | J37: 2 | L37: 2 | M37: 2 | N37: 3 | O37: 3 | P37: 2 | Q37: 3 | R37: 2 | S37: 2 | T37: 3 | U37: 3 | V37: 2 | W37: 2 | X37: 3 | Y37: 2 | AL37: 2.625 | AM37: 3 | AN37: 3 | AO37: 2.5 | AP37: 2 | AQ37: 3 | AR37: 2.25 | AZ37: 1
A38: R037 | B38: 1 | C38: 2 | D38: 1 | E38: 56 | F38: 30 | G38: 4 | H38: 사업관리(부장) | I38: 3 | J38: 4 | L38: 3 | M38: 1 | N38: 3 | O38: 5 | P38: 3 | Q38: 5 | R38: 4 | S38: 3 | T38: 5 | U38: 5 | V38: 2 | W38: 2 | X38: 2 | Y38: 4 | Z38: 4 | AA38: 4 | AB38: 4 | AC38: 4 | AD38: 4 | AE38: 3 | AF38: 5 | AG38: 5 | AH38: 5 | AI38: 5 | AJ38: 5 | AK38: 5 | AL38: 4.125 | AM38: 3 | AN38: 5 | AO38: 4 | AP38: 3.5 | AQ38: 5 | AR38: 2.5 | AS38: 4 | AT38: 4 | AU38: 3.5 | AV38: 5 | AW38: 4.125 | AX38: 5 | AY38: 1 | AZ38: 1
A39: R038 | B39: 0 | C39: 1 | D39: 1 | E39: 57 | F39: 32 | G39: 3 | I39: 1 | J39: 5 | K39: 현장상주 직접확인 | L39: 2 | M39: 1 | N39: 5 | O39: 5 | P39: 5 | Q39: 5 | R39: 5 | S39: 5 | T39: 5 | U39: 5 | V39: 1 | W39: 1 | X39: 1 | Y39: 1 | AL39: 5 | AM39: 5 | AN39: 5 | AO39: 5 | AP39: 5 | AQ39: 5 | AR39: 1 | AZ39: 1
A40: R039 | B40: 0 | C40: 2 | D40: 1 | E40: 55 | F40: 25 | G40: 4 | H40: 기술사사무소 | I40: 1 | J40: 1 | L40: 2 | M40: 4 | N40: 3 | O40: 4 | P40: 2 | Q40: 2 | R40: 2 | S40: 3 | T40: 3 | U40: 3 | V40: 4 | W40: 4 | X40: 4 | Y40: 5 | AL40: 2.75 | AM40: 3 | AN40: 4 | AO40: 2 | AP40: 2.5 | AQ40: 3 | AR40: 4.25 | AZ40: 1
A41: R040 | B41: 1 | C41: 1 | D41: 1 | E41: 59 | F41: 32 | G41: 3 | I41: 3 | J41: 2 | L41: 2 | M41: 1 | N41: 4 | O41: 5 | P41: 4 | Q41: 4 | R41: 4 | S41: 5 | T41: 5 | U41: 5 | V41: 4 | W41: 4 | X41: 4 | Y41: 4 | Z41: 3 | AA41: 4 | AB41: 4 | AC41: 2 | AD41: 3 | AE41: 3 | AF41: 4 | AG41: 3 | AH41: 2 | AI41: 2 | AJ41: 3 | AK41: 2 | AL41: 4.5 | AM41: 4 | AN41: 5 | AO41: 4 | AP41: 4.5 | AQ41: 5 | AR41: 4 | AS41: 3.5 | AT41: 3 | AU41: 3 | AV41: 3.5 | AW41: 3.25 | AX41: 2.25 | AY41: 0 | AZ41: 1
A42: R041 | B42: 0 | C42: 2 | D42: 1 | E42: 48 | F42: 14 | G42: 1 | I42: 3 | J42: 2 | L42: 3 | M42: 2 | N42: 4 | O42: 5 | P42: 5 | Q42: 5 | R42: 5 | S42: 5 | T42: 5 | U42: 5 | V42: 2 | W42: 3 | X42: 3 | Y42: 3 | AL42: 4.875 | AM42: 4 | AN42: 5 | AO42: 5 | AP42: 5 | AQ42: 5 | AR42: 2.75 | AZ42: 1
A43: R042 | B43: 0 | C43: 1 | D43: 1 | E43: 48 | F43: 20 | G43: 3 | I43: 2 | J43: 2 | L43: 2 | M43: 2 | N43: 4 | O43: 5 | P43: 4 | Q43: 4 | R43: 4 | S43: 4 | T43: 4 | U43: 4 | V43: 4 | W43: 4 | X43: 4 | Y43: 4 | AL43: 4.125 | AM43: 4 | AN43: 5 | AO43: 4 | AP43: 4 | AQ43: 4 | AR43: 4 | AZ43: 1
A44: R043 | B44: 0 | C44: 1 | D44: 1 | E44: 44 | F44: 17 | G44: 1 | I44: 4 | J44: 2 | L44: 2 | M44: 2 | N44: 3 | O44: 3 | P44: 3 | Q44: 3 | R44: 3 | S44: 2 | T44: 4 | U44: 3 | V44: 3 | W44: 3 | X44: 3 | Y44: 4 | AL44: 3 | AM44: 3 | AN44: 3 | AO44: 3 | AP44: 2.5 | AQ44: 3.5 | AR44: 3.25 | AZ44: 1
A45: R044 | B45: 0 | C45: 2 | D45: 2 | E45: 34 | F45: 8 | G45: 1 | I45: 2 | J45: 2 | L45: 4 | M45: 4 | N45: 3 | O45: 3 | P45: 3 | Q45: 3 | R45: 3 | S45: 2 | T45: 3 | U45: 3 | V45: 5 | W45: 5 | X45: 5 | Y45: 5 | AL45: 2.875 | AM45: 3 | AN45: 3 | AO45: 3 | AP45: 2.5 | AQ45: 3 | AR45: 5 | AZ45: 1
A46: R045 | B46: 1 | C46: 1 | D46: 1 | E46: 33 | F46: 8 | G46: 2 | I46: 3 | J46: 2 | L46: 1 | M46: 1 | N46: 4 | O46: 4 | P46: 4 | Q46: 4 | R46: 5 | S46: 4 | T46: 5 | U46: 4 | V46: 4 | W46: 3 | X46: 5 | Y46: 3 | Z46: 4 | AA46: 4 | AB46: 3 | AC46: 2 | AD46: 3 | AE46: 1 | AF46: 4 | AG46: 3 | AH46: 1 | AI46: 1 | AJ46: 4 | AK46: 1 | AL46: 4.25 | AM46: 4 | AN46: 4 | AO46: 4 | AP46: 4.5 | AQ46: 4.5 | AR46: 3.75 | AS46: 4 | AT46: 2.5 | AU46: 2 | AV46: 3.5 | AW46: 3 | AX46: 1.75 | AY46: 0 | AZ46: 1
A47: R046 | B47: 0 | C47: 1 | D47: 1 | E47: 45 | F47: 19 | G47: 1 | I47: 4 | J47: 2 | L47: 2 | M47: 1 | N47: 4 | O47: 4 | P47: 5 | Q47: 3 | R47: 2 | S47: 2 | T47: 4 | U47: 3 | V47: 4 | W47: 4 | X47: 4 | Y47: 3 | AL47: 3.375 | AM47: 4 | AN47: 4 | AO47: 4 | AP47: 2 | AQ47: 3.5 | AR47: 3.75 | AZ47: 1
A48: R047 | B48: 0 | C48: 1 | D48: 1 | E48: 30 | F48: 5 | G48: 2 | I48: 4 | J48: 3 | L48: 2 | M48: 1 | N48: 4 | O48: 4 | P48: 4 | Q48: 4 | R48: 4 | S48: 4 | T48: 4 | U48: 4 | V48: 3 | W48: 3 | X48: 3 | Y48: 3 | AL48: 4 | AM48: 4 | AN48: 4 | AO48: 4 | AP48: 4 | AQ48: 4 | AR48: 3 | AZ48: 1
A49: R048 | B49: 0 | C49: 1 | D49: 1 | E49: 55 | F49: 15 | G49: 2 | I49: 3 | J49: 5 | K49: 상주 근무자의 비상연락망 가동 | L49: 2 | M49: 3 | N49: 4 | O49: 4 | P49: 4 | Q49: 4 | R49: 4 | S49: 2 | T49: 4 | U49: 4 | V49: 4 | W49: 5 | X49: 5 | Y49: 5 | AL49: 3.75 | AM49: 4 | AN49: 4 | AO49: 4 | AP49: 3 | AQ49: 4 | AR49: 4.75 | AZ49: 1
A50: R049 | B50: 1 | C50: 1 | D50: 1 | E50: 63 | F50: 37 | G50: 3 | I50: 2 | J50: 4 | L50: 1 | M50: 3 | N50: 4 | O50: 4 | P50: 4 | Q50: 4 | R50: 3 | S50: 4 | T50: 4 | U50: 4 | V50: 5 | W50: 4 | X50: 5 | Y50: 4 | Z50: 4 | AA50: 4 | AB50: 4 | AC50: 4 | AD50: 4 | AE50: 4 | AF50: 4 | AG50: 4 | AH50: 4 | AI50: 4 | AJ50: 4 | AK50: 4 | AL50: 3.875 | AM50: 4 | AN50: 4 | AO50: 4 | AP50: 3.5 | AQ50: 4 | AR50: 4.5 | AS50: 4 | AT50: 4 | AU50: 4 | AV50: 4 | AW50: 4 | AX50: 4 | AY50: 0 | AZ50: 1
A51: R050 | B51: 0 | C51: 1 | D51: 1 | E51: 37 | F51: 13 | G51: 3 | I51: 2 | J51: 3 | L51: 1 | M51: 2 | N51: 4 | O51: 4 | P51: 4 | Q51: 4 | R51: 4 | S51: 4 | T51: 4 | U51: 4 | V51: 4 | W51: 4 | X51: 4 | Y51: 4 | AL51: 4 | AM51: 4 | AN51: 4 | AO51: 4 | AP51: 4 | AQ51: 4 | AR51: 4 | AZ51: 1
A52: R051 | B52: 0 | C52: 1 | D52: 2 | E52: 28 | F52: 4 | G52: 2 | I52: 4 | J52: 2 | L52: 2 | M52: 2 | N52: 3 | O52: 2 | P52: 3 | Q52: 3 | R52: 4 | S52: 2 | T52: 3 | U52: 3 | V52: 2 | W52: 2 | X52: 2 | Y52: 2 | AL52: 2.875 | AM52: 3 | AN52: 2 | AO52: 3 | AP52: 3 | AQ52: 3 | AR52: 2 | AZ52: 1
A53: R052 | B53: 0 | C53: 2 | D53: 1 | E53: 33 | F53: 7 | G53: 1 | I53: 2 | J53: 2 | L53: 1 | M53: 3 | N53: 4 | O53: 5 | P53: 4 | Q53: 4 | R53: 3 | S53: 4 | T53: 5 | U53: 4 | V53: 5 | W53: 5 | X53: 5 | Y53: 4 | AL53: 4.125 | AM53: 4 | AN53: 5 | AO53: 4 | AP53: 3.5 | AQ53: 4.5 | AR53: 4.75 | AZ53: 1
A54: R053 | B54: 1 | C54: 2 | D54: 1 | E54: 45 | F54: 10 | G54: 1 | I54: 2 | J54: 3 | L54: 1 | M54: 2 | N54: 5 | O54: 5 | P54: 5 | Q54: 5 | R54: 5 | S54: 4 | T54: 5 | U54: 5 | V54: 1 | W54: 1 | X54: 5 | Y54: 1 | Z54: 5 | AA54: 5 | AB54: 5 | AC54: 5 | AD54: 5 | AE54: 3 | AF54: 5 | AG54: 5 | AH54: 5 | AI54: 5 | AJ54: 5 | AK54: 5 | AL54: 4.875 | AM54: 5 | AN54: 5 | AO54: 5 | AP54: 4.5 | AQ54: 5 | AR54: 2 | AS54: 5 | AT54: 5 | AU54: 4 | AV54: 5 | AW54: 4.75 | AX54: 5 | AY54: 0 | AZ54: 1
A55: R054 | B55: 1 | C55: 1 | D55: 1 | E55: 40 | F55: 10 | G55: 3 | I55: 1 | J55: 2 | L55: 1 | M55: 2 | N55: 4 | O55: 4 | P55: 3 | Q55: 4 | R55: 3 | S55: 2 | T55: 4 | U55: 3 | V55: 4 | W55: 5 | X55: 5 | Y55: 4 | Z55: 4 | AA55: 4 | AB55: 4 | AC55: 4 | AD55: 4 | AE55: 4 | AF55: 3 | AG55: 3 | AH55: 4 | AI55: 4 | AJ55: 2 | AK55: 3 | AL55: 3.375 | AM55: 4 | AN55: 4 | AO55: 3.5 | AP55: 2.5 | AQ55: 3.5 | AR55: 4.5 | AS55: 4 | AT55: 4 | AU55: 4 | AV55: 3 | AW55: 3.75 | AX55: 3.25 | AY55: 0 | AZ55: 1
A56: R055 | B56: 1 | C56: 2 | D56: 1 | E56: 35 | F56: 10 | G56: 4 | H56: 사업관리(안전포함) | I56: 4 | J56: 3 | L56: 4 | M56: 3 | N56: 3 | O56: 4 | P56: 4 | Q56: 5 | R56: 4 | S56: 2 | T56: 4 | U56: 4 | V56: 4 | W56: 4 | X56: 3 | Y56: 3 | Z56: 4 | AA56: 4 | AB56: 4 | AC56: 4 | AD56: 5 | AE56: 5 | AF56: 5 | AG56: 5 | AH56: 5 | AI56: 5 | AJ56: 4 | AK56: 4 | AL56: 3.75 | AM56: 3 | AN56: 4 | AO56: 4.5 | AP56: 3 | AQ56: 4 | AR56: 3.5 | AS56: 4 | AT56: 4 | AU56: 5 | AV56: 5 | AW56: 4.5 | AX56: 4.5 | AY56: 0 | AZ56: 1
A57: R056 | B57: 0 | C57: 2 | D57: 2 | E57: 39 | F57: 13 | G57: 1 | I57: 1 | J57: 2 | L57: 2 | M57: 3 | N57: 2 | O57: 2 | P57: 1 | Q57: 1 | R57: 1 | S57: 1 | T57: 2 | U57: 1 | V57: 5 | W57: 5 | X57: 5 | Y57: 5 | AL57: 1.375 | AM57: 2 | AN57: 2 | AO57: 1 | AP57: 1 | AQ57: 1.5 | AR57: 5 | AZ57: 1
A58: R057 | B58: 0 | C58: 1 | D58: 1 | E58: 59 | F58: 12 | G58: 2 | I58: 3 | J58: 2 | L58: 1 | M58: 1 | N58: 3 | O58: 4 | P58: 2 | Q58: 2 | R58: 5 | S58: 4 | T58: 4 | U58: 4 | V58: 5 | W58: 5 | X58: 4 | Y58: 3 | AL58: 3.5 | AM58: 3 | AN58: 4 | AO58: 2 | AP58: 4.5 | AQ58: 4 | AR58: 4.25 | AZ58: 1
A59: R058 | B59: 1 | C59: 2 | D59: 1 | E59: 37 | F59: 4 | G59: 1 | I59: 2 | J59: 3 | L59: 2 | M59: 2 | N59: 4 | O59: 4 | P59: 3 | Q59: 4 | R59: 3 | S59: 4 | T59: 4 | U59: 4 | V59: 4 | W59: 3 | X59: 3 | Y59: 3 | Z59: 3 | AA59: 4 | AB59: 3 | AC59: 3 | AD59: 3 | AE59: 3 | AF59: 3 | AG59: 3 | AH59: 4 | AI59: 3 | AJ59: 3 | AK59: 3 | AL59: 3.75 | AM59: 4 | AN59: 4 | AO59: 3.5 | AP59: 3.5 | AQ59: 4 | AR59: 3.25 | AS59: 3.5 | AT59: 3 | AU59: 3 | AV59: 3 | AW59: 3.125 | AX59: 3.25 | AY59: 0 | AZ59: 1
A60: R059 | B60: 0 | C60: 1 | D60: 1 | E60: 63 | F60: 36 | G60: 3 | I60: 3 | J60: 2 | L60: 2 | M60: 2 | N60: 4 | O60: 4 | P60: 3 | Q60: 4 | R60: 3 | S60: 3 | T60: 4 | U60: 3 | V60: 3 | W60: 3 | X60: 4 | Y60: 4 | AL60: 3.5 | AM60: 4 | AN60: 4 | AO60: 3.5 | AP60: 3 | AQ60: 3.5 | AR60: 3.5 | AZ60: 1
A61: R060 | B61: 0 | C61: 1 | D61: 2 | E61: 35 | F61: 4 | G61: 2 | I61: 3 | J61: 2 | L61: 2 | M61: 1 | N61: 3 | O61: 4 | P61: 3 | Q61: 4 | R61: 3 | S61: 3 | T61: 4 | U61: 4 | V61: 4 | W61: 4 | X61: 4 | Y61: 3 | AL61: 3.5 | AM61: 3 | AN61: 4 | AO61: 3.5 | AP61: 3 | AQ61: 4 | AR61: 3.75 | AZ61: 1
A62: R061 | B62: 0 | C62: 1 | D62: 1 | E62: 32 | F62: 2 | G62: 2 | I62: 4 | J62: 2 | L62: 2 | M62: 1 | N62: 4 | O62: 4 | P62: 4 | Q62: 4 | R62: 4 | S62: 4 | T62: 4 | U62: 4 | V62: 3 | W62: 3 | X62: 3 | Y62: 3 | AL62: 4 | AM62: 4 | AN62: 4 | AO62: 4 | AP62: 4 | AQ62: 4 | AR62: 3 | AZ62: 1
A63: R062 | B63: 1 | C63: 2 | D63: 1 | E63: 46 | F63: 6 | G63: 1 | I63: 4 | J63: 3 | L63: 4 | M63: 2 | N63: 3 | O63: 3 | P63: 4 | Q63: 2 | R63: 2 | S63: 2 | T63: 3 | U63: 3 | V63: 2 | W63: 2 | X63: 2 | Y63: 2 | Z63: 3 | AA63: 3 | AB63: 3 | AC63: 4 | AD63: 4 | AE63: 4 | AF63: 4 | AG63: 5 | AH63: 5 | AI63: 5 | AJ63: 5 | AK63: 4 | AL63: 2.75 | AM63: 3 | AN63: 3 | AO63: 3 | AP63: 2 | AQ63: 3 | AR63: 2 | AS63: 3 | AT63: 3.5 | AU63: 4 | AV63: 4.5 | AW63: 3.75 | AX63: 4.75 | AY63: 0 | AZ63: 1
A64: R063 | B64: 0 | C64: 1 | D64: 1 | E64: 61 | F64: 30 | G64: 3 | I64: 4 | J64: 2 | L64: 2 | M64: 1 | N64: 4 | O64: 4 | P64: 3 | Q64: 4 | R64: 4 | S64: 3 | T64: 4 | U64: 4 | V64: 3 | W64: 4 | X64: 4 | Y64: 4 | AL64: 3.75 | AM64: 4 | AN64: 4 | AO64: 3.5 | AP64: 3.5 | AQ64: 4 | AR64: 3.75 | AZ64: 1
A65: R064 | B65: 0 | C65: 2 | D65: 1 | E65: 39 | F65: 2 | G65: 1 | I65: 3 | J65: 3 | L65: 2 | M65: 1 | N65: 4 | O65: 4 | P65: 4 | Q65: 4 | R65: 3 | S65: 2 | T65: 4 | U65: 3 | V65: 4 | W65: 4 | X65: 4 | Y65: 4 | AL65: 3.5 | AM65: 4 | AN65: 4 | AO65: 4 | AP65: 2.5 | AQ65: 3.5 | AR65: 4 | AZ65: 1
A66: R065 | B66: 1 | C66: 1 | D66: 1 | E66: 53 | F66: 23 | G66: 2 | I66: 4 | J66: 3 | L66: 2 | M66: 2 | N66: 3 | O66: 4 | P66: 3 | Q66: 3 | R66: 3 | S66: 3 | T66: 4 | U66: 4 | V66: 3 | W66: 3 | X66: 5 | Y66: 2 | Z66: 4 | AA66: 1 | AB66: 5 | AC66: 3 | AD66: 3 | AE66: 3 | AF66: 4 | AG66: 3 | AH66: 2 | AI66: 2 | AJ66: 3 | AK66: 3 | AL66: 3.375 | AM66: 3 | AN66: 4 | AO66: 3 | AP66: 3 | AQ66: 4 | AR66: 3.25 | AS66: 2.5 | AT66: 4 | AU66: 3 | AV66: 3.5 | AW66: 3.25 | AX66: 2.5 | AY66: 0 | AZ66: 1
A67: R066 | B67: 0 | C67: 1 | D67: 2 | E67: 50 | F67: 26 | G67: 1 | I67: 1 | J67: 2 | L67: 2 | M67: 3 | N67: 3 | O67: 3 | P67: 3 | Q67: 3 | R67: 3 | S67: 3 | T67: 3 | U67: 3 | V67: 5 | W67: 4 | X67: 4 | Y67: 4 | AL67: 3 | AM67: 3 | AN67: 3 | AO67: 3 | AP67: 3 | AQ67: 3 | AR67: 4.25 | AZ67: 1
A68: R067 | B68: 0 | C68: 1 | D68: 1 | E68: 54 | F68: 5 | G68: 2 | I68: 3 | J68: 2 | L68: 2 | M68: 1 | N68: 3 | O68: 5 | P68: 4 | Q68: 4 | R68: 4 | S68: 4 | T68: 4 | U68: 5 | V68: 5 | W68: 5 | X68: 5 | Y68: 5 | AL68: 4.125 | AM68: 3 | AN68: 5 | AO68: 4 | AP68: 4 | AQ68: 4.5 | AR68: 5 | AZ68: 1
A69: R068 | B69: 0 | C69: 2 | D69: 1 | E69: 45 | F69: 21 | G69: 1 | I69: 4 | J69: 2 | L69: 2 | M69: 2 | N69: 3 | O69: 3 | P69: 3 | Q69: 4 | R69: 4 | S69: 2 | T69: 2 | U69: 3 | V69: 5 | W69: 5 | X69: 5 | Y69: 5 | AL69: 3 | AM69: 3 | AN69: 3 | AO69: 3.5 | AP69: 3 | AQ69: 2.5 | AR69: 5 | AZ69: 1
A70: R069 | B70: 0 | C70: 1 | D70: 1 | E70: 67 | F70: 10 | G70: 2 | I70: 4 | J70: 2 | L70: 2 | M70: 2 | N70: 3 | O70: 4 | P70: 2 | Q70: 3 | R70: 2 | S70: 3 | T70: 4 | U70: 3 | V70: 4 | W70: 4 | X70: 4 | Y70: 3 | AL70: 3 | AM70: 3 | AN70: 4 | AO70: 2.5 | AP70: 2.5 | AQ70: 3.5 | AR70: 3.75 | AZ70: 1
A71: R070 | B71: 1 | C71: 2 | D71: 1 | E71: 33 | F71: 6 | G71: 2 | I71: 3 | J71: 3 | L71: 4 | M71: 2 | N71: 5 | O71: 5 | P71: 5 | Q71: 5 | R71: 4 | S71: 2 | T71: 3 | U71: 5 | V71: 4 | W71: 5 | X71: 5 | Y71: 5 | Z71: 1 | AA71: 3 | AB71: 3 | AC71: 3 | AD71: 3 | AE71: 3 | AF71: 3 | AG71: 4 | AH71: 3 | AI71: 4 | AJ71: 4 | AK71: 4 | AL71: 4.25 | AM71: 5 | AN71: 5 | AO71: 5 | AP71: 3 | AQ71: 4 | AR71: 4.75 | AS71: 2 | AT71: 3 | AU71: 3 | AV71: 3.5 | AW71: 2.875 | AX71: 3.75 | AY71: 0 | AZ71: 1
A72: R071 | B72: 1 | C72: 1 | D72: 1 | E72: 54 | F72: 18 | G72: 3 | I72: 4 | J72: 4 | L72: 3 | M72: 1 | N72: 4 | O72: 5 | P72: 4 | Q72: 5 | R72: 5 | S72: 5 | T72: 5 | U72: 5 | V72: 3 | W72: 3 | X72: 3 | Y72: 3 | Z72: 4 | AA72: 4 | AB72: 4 | AC72: 4 | AD72: 4 | AE72: 4 | AF72: 4 | AG72: 4 | AH72: 4 | AI72: 4 | AJ72: 4 | AK72: 4 | AL72: 4.75 | AM72: 4 | AN72: 5 | AO72: 4.5 | AP72: 5 | AQ72: 5 | AR72: 3 | AS72: 4 | AT72: 4 | AU72: 4 | AV72: 4 | AW72: 4 | AX72: 4 | AY72: 1 | AZ72: 1
A73: R072 | B73: 1 | C73: 1 | D73: 1 | E73: 53 | F73: 25 | G73: 4 | H73: 공무 | I73: 3 | J73: 2 | L73: 2 | M73: 4 | N73: 4 | O73: 4 | P73: 4 | Q73: 4 | R73: 4 | S73: 4 | T73: 4 | U73: 5 | V73: 2 | W73: 2 | X73: 2 | Y73: 2 | Z73: 4 | AA73: 4 | AB73: 4 | AC73: 4 | AD73: 4 | AE73: 4 | AF73: 4 | AG73: 4 | AH73: 3 | AI73: 4 | AJ73: 4 | AK73: 3 | AL73: 4.125 | AM73: 4 | AN73: 4 | AO73: 4 | AP73: 4 | AQ73: 4.5 | AR73: 2 | AS73: 4 | AT73: 4 | AU73: 4 | AV73: 4 | AW73: 4 | AX73: 3.5 | AY73: 0 | AZ73: 1
A74: R073 | B74: 0 | C74: 2 | D74: 1 | E74: 37 | F74: 2 | G74: 4 | H74: 설계자 | I74: 4 | J74: 2 | L74: 4 | M74: 3 | N74: 1 | O74: 5 | P74: 3 | Q74: 1 | R74: 5 | S74: 2 | T74: 3 | U74: 2 | V74: 5 | W74: 5 | X74: 5 | Y74: 4 | AL74: 2.75 | AM74: 1 | AN74: 5 | AO74: 2 | AP74: 3.5 | AQ74: 2.5 | AR74: 4.75 | AZ74: 1

Sheet 코드북
A1: 변수명(분석자료·CSV) | B1: 코딩자료 열 이름 | C1: 블록 | D1: 문항 전문(부록1) | E1: 코딩 규칙 | F1: 하위요인 | G1: 분석 역할(<표 4-3>) | H1: 비고
A2: resp_id | B2: resp_id | C2: 관리 변수 | G2: 식별자 | H2: 응답 1건 식별자(원본 행 순서 R001∼R073)
A3: group | B3: group | C3: 관리 변수 | E3: 1=CCTV YOLO-LLM 안전알림 도입 현장, 0=CCTV YOLO-LLM 안전알림 미도입 현장 | G3: 독립변수(D) | H3: <표 4-3> 독립변수. 자기보고 분기값(명부 대조 전)
A4: A1_affil | B4: A1_소속 | C4: Part A 일반 사항·현장 운영 특성 | D4: 귀하의 소속 구분은? | E4: 1=시공사, 2=발주청(공사감독·감리원 포함) | G4: 조정변수: 범주형 통제요인 | H4: 기준범주=시공사(04장 제5절 제2항)
A5: A2_sex | B5: A2_성별 | C5: Part A 일반 사항·현장 운영 특성 | D5: 귀하의 성별은? | E5: 1=남성, 2=여성 | G5: 조정변수: 범주형 통제요인 | H5: 기준범주=남성
A6: A3_age | B6: A3_나이 | C6: Part A 일반 사항·현장 운영 특성 | D6: 응답일 현재 귀하의 만 나이는? | E6: 숫자 그대로(연속) | G6: 조정변수: 연속 공변량 | H6: 연속값 그대로 투입
A7: A4_exp | B7: A4_경력 | C7: Part A 일반 사항·현장 운영 특성 | D7: 귀하의 건설현장 근무 경력은 약 몇 년입니까? (응답일까지 안전관리·공사감독·시공관리 등 현장 업무에 종사한 전체 기간) | E7: 숫자 그대로(연속) | G7: 조정변수: 연속 공변량 | H7: 연속값 그대로 투입
A8: A5_role | B8: A5_역할 | C8: Part A 일반 사항·현장 운영 특성 | D8: 현장에서 귀하가 맡고 있는 역할은? | E8: 1=공사감독, 2=안전관리자, 3=현장소장, 4=기타 (그 외 텍스트=4, '.'은 무응답→결측) | G8: 조정변수: 범주형 통제요인 | H8: 기준범주=공사감독, 4수준
A9: A5_role_other | B9: A5_기타텍스트 | C9: Part A 일반 사항·현장 운영 특성 | D9: A5 기타( ) 원문 | E9: 원문 텍스트(strip) | G9: 참고(기타 원문) | H9: A5=4일 때 원문
A10: A6_cost | B10: A6_총공사비 | C10: Part A 일반 사항·현장 운영 특성 | D10: 현재 담당 현장의 총공사비 구간은? | E10: 1=20억 원 미만, 2=20억 원 이상∼50억 원 미만, 3=50억 원 이상∼120억 원 미만, 4=120억 원 이상 | G10: 조정변수: 범주형 통제요인 | H10: 기준범주=20억 원 미만. 조사용 4구간(등간 아님)
A11: A7_path | B11: A7_인지경로 | C11: Part A 일반 사항·현장 운영 특성 | D11: 안전관리 담당자가 현장에 없을 때(이동·사무실 업무·야간 등) 위험 상황을 알게 되는 주된 경로는 무엇입니까? | E11: 1=알게 될 방법이 없다, 2=작업자나 반장의 전화·보고, 3=사무실 등에서 CCTV 화면을 직접 본다, 4=자동 알림(문자·메신저·앱)을 받는다, 5=기타 (그 외 텍스트=5) | G11: 참고 변수: 현장 운영 특성 | H11: 운용 실태 확인 지표(가설 검정 미투입)
A12: A7_path_other | B12: A7_기타텍스트 | C12: Part A 일반 사항·현장 운영 특성 | D12: A7 기타( ) 원문 | E12: 원문 텍스트(strip) | G12: 참고(기타 원문) | H12: A7=5일 때 원문
A13: A8_when | B13: A8_인지시점 | C13: Part A 일반 사항·현장 운영 특성 | D13: 비점검 시간에 생긴 위험 상황은 보통 언제 알게 됩니까? | E13: 1=다음 순찰 때, 2=누군가 알려줄 때, 3=발생 직후 알림으로, 4=모르고 지나가는 경우가 많다 | G13: 참고 변수: 현장 운영 특성 | H13: 운용 실태 확인 지표(가설 검정 미투입)
A14: A9_lag | B14: A9_전달소요 | C14: Part A 일반 사항·현장 운영 특성 | D14: 위험 상황을 알고 난 뒤 현장에 조치 지시가 전달되기까지 보통 얼마나 걸립니까? | E14: 1=즉시∼5분, 2=5분 초과∼30분, 3=30분 초과∼1시간, 4=1시간 초과 또는 다음 순찰 때 | G14: 참고 변수: 현장 운영 특성 | H14: 과정 지표 — <표 4-6> 조합 판정에 사용
A15: B1 | B15: B1 | C15: Part B 안전관리 실효성 | D15: 우리 현장에서는 위험 상황을 조기에 인지한다. | E15: ① 전혀 그렇지 않다=1 … ⑤ 매우 그렇다=5 (동그라미 숫자로 판정, 그 외=결측) | F15: Y1 조기인지 | G15: 종속변수(Y) 구성 문항
A16: B2 | B16: B2 | C16: Part B 안전관리 실효성 | D16: 우리 현장에서는 위험 상황을 인지하면 초동 대응을 빠르게 지시한다. | E16: ① 전혀 그렇지 않다=1 … ⑤ 매우 그렇다=5 (동그라미 숫자로 판정, 그 외=결측) | F16: Y2 대응 신속성 | G16: 종속변수(Y) 구성 문항
A17: B3 | B17: B3 | C17: Part B 안전관리 실효성 | D17: 우리 현장에서는 안전관리 담당자가 현장 밖에서도 위험 상황을 신속하게 파악한다. | E17: ① 전혀 그렇지 않다=1 … ⑤ 매우 그렇다=5 (동그라미 숫자로 판정, 그 외=결측) | F17: Y3 원격 파악 | G17: 종속변수(Y) 구성 문항
A18: B4 | B18: B4 | C18: Part B 안전관리 실효성 | D18: 우리 현장에서는 멀리 떨어진 곳에서도 위험 정보와 조치 필요사항을 원활하게 공유한다. | E18: ① 전혀 그렇지 않다=1 … ⑤ 매우 그렇다=5 (동그라미 숫자로 판정, 그 외=결측) | F18: Y3 원격 파악 | G18: 종속변수(Y) 구성 문항
A19: B5 | B19: B5 | C19: Part B 안전관리 실효성 | D19: 우리 현장에서는 제한된 인력으로도 현장 순찰과 위험 확인 업무를 효율적으로 수행한다. | E19: ① 전혀 그렇지 않다=1 … ⑤ 매우 그렇다=5 (동그라미 숫자로 판정, 그 외=결측) | F19: Y4 순찰부담 경감 | G19: 종속변수(Y) 구성 문항
A20: B6 | B20: B6 | C20: Part B 안전관리 실효성 | D20: 우리 현장에서는 불필요한 확인 업무에 쫓기지 않고 실제 위험 대응에 집중한다. | E20: ① 전혀 그렇지 않다=1 … ⑤ 매우 그렇다=5 (동그라미 숫자로 판정, 그 외=결측) | F20: Y4 순찰부담 경감 | G20: 종속변수(Y) 구성 문항
A21: B7 | B21: B7 | C21: Part B 안전관리 실효성 | D21: 우리 현장에서는 필요한 경우 시정·작업중지 등 통제 조치를 신속하게 시행한다. | E21: ① 전혀 그렇지 않다=1 … ⑤ 매우 그렇다=5 (동그라미 숫자로 판정, 그 외=결측) | F21: Y5 위험 통제력 | G21: 종속변수(Y) 구성 문항
A22: B8 | B22: B8 | C22: Part B 안전관리 실효성 | D22: 우리 현장에서는 사고로 이어질 수 있는 위험요인을 실질적으로 통제한다. | E22: ① 전혀 그렇지 않다=1 … ⑤ 매우 그렇다=5 (동그라미 숫자로 판정, 그 외=결측) | F22: Y5 위험 통제력 | G22: 종속변수(Y) 구성 문항
A23: C1 | B23: C1 | C23: Part C 예산 제약성 | D23: 우리 현장은 고가의 스마트 안전장비를 도입하기에는 예산이 부족하다. | E23: ① 전혀 그렇지 않다=1 … ⑤ 매우 그렇다=5 (동그라미 숫자로 판정, 그 외=결측) | G23: 상호작용 변수(W) 구성 문항
A24: C2 | B24: C2 | C24: Part C 예산 제약성 | D24: 우리 현장은 스마트 안전장비나 관제 시스템 도입에 쓸 안전관리 예산이 부족하게 편성되어 있다. | E24: ① 전혀 그렇지 않다=1 … ⑤ 매우 그렇다=5 (동그라미 숫자로 판정, 그 외=결측) | G24: 상호작용 변수(W) 구성 문항
A25: C3 | B25: C3 | C25: Part C 예산 제약성 | D25: 우리 현장은 산업안전보건관리비 계상 기준만으로는 스마트 안전장비나 관제 시스템을 도입하기 어렵다. | E25: ① 전혀 그렇지 않다=1 … ⑤ 매우 그렇다=5 (동그라미 숫자로 판정, 그 외=결측) | G25: 상호작용 변수(W) 구성 문항
A26: C4 | B26: C4 | C26: Part C 예산 제약성 | D26: 우리 현장은 소속 기관인 본사나 발주청으로부터 스마트 안전장비나 관제 시스템 도입 예산을 별도로 지원받기 어렵다. | E26: ① 전혀 그렇지 않다=1 … ⑤ 매우 그렇다=5 (동그라미 숫자로 판정, 그 외=결측) | G26: 상호작용 변수(W) 구성 문항
A27: D1 | B27: D1 | C27: Part D 시스템 특성(도입 전용) | D27: 본 시스템은 일반 사무용 PC로 구동되어 고가 AI 서버 등 별도 장비에 대한 투자 부담이 적다. | E27: ① 전혀 그렇지 않다=1 … ⑤ 매우 그렇다=5 (동그라미 숫자로 판정, 그 외=결측) | F27: D_sub1 인프라 범용성 | G27: 참고 변수: 시스템 특성 인식(도입 집단) | H27: 가설 검정 미투입, 미도입 빈칸
A28: D2 | B28: D2 | C28: Part D 시스템 특성(도입 전용) | D28: 본 시스템은 제조사가 다른 기존 현장 카메라와도 호환되어 카메라를 교체하지 않고 도입할 수 있다. | E28: ① 전혀 그렇지 않다=1 … ⑤ 매우 그렇다=5 (동그라미 숫자로 판정, 그 외=결측) | F28: D_sub1 인프라 범용성 | G28: 참고 변수: 시스템 특성 인식(도입 집단) | H28: 가설 검정 미투입, 미도입 빈칸
A29: D3 | B29: D3 | C29: Part D 시스템 특성(도입 전용) | D29: 본 시스템은 짧은 시간에 알림이 몰려도 느려지거나 멈추지 않고 안정적으로 작동한다. | E29: ① 전혀 그렇지 않다=1 … ⑤ 매우 그렇다=5 (동그라미 숫자로 판정, 그 외=결측) | F29: D_sub2 탐지·제어 안정성 | G29: 참고 변수: 시스템 특성 인식(도입 집단) | H29: 가설 검정 미투입, 미도입 빈칸
A30: D4 | B30: D4 | C30: Part D 시스템 특성(도입 전용) | D30: 본 시스템은 통신 상태가 좋지 않은 현장에서도 위험 여부를 가려내는 기능이 안정적으로 작동한다. | E30: ① 전혀 그렇지 않다=1 … ⑤ 매우 그렇다=5 (동그라미 숫자로 판정, 그 외=결측) | F30: D_sub2 탐지·제어 안정성 | G30: 참고 변수: 시스템 특성 인식(도입 집단) | H30: 가설 검정 미투입, 미도입 빈칸
A31: D5 | B31: D5 | C31: Part D 시스템 특성(도입 전용) | D31: 본 시스템은 현장의 나무나 그림자 같은 배경을 사람이나 위험 요소로 잘못 알리는 일이 드물다. | E31: ① 전혀 그렇지 않다=1 … ⑤ 매우 그렇다=5 (동그라미 숫자로 판정, 그 외=결측) | F31: D_sub3 오탐 필터링 | G31: 참고 변수: 시스템 특성 인식(도입 집단) | H31: 가설 검정 미투입, 미도입 빈칸
A32: D6 | B32: D6 | C32: Part D 시스템 특성(도입 전용) | D32: 본 시스템은 정상 작업을 위험으로 잘못 알리는 일이 드물다. | E32: ① 전혀 그렇지 않다=1 … ⑤ 매우 그렇다=5 (동그라미 숫자로 판정, 그 외=결측) | F32: D_sub3 오탐 필터링 | G32: 참고 변수: 시스템 특성 인식(도입 집단) | H32: 가설 검정 미투입, 미도입 빈칸
A33: D7 | B33: D7 | C33: Part D 시스템 특성(도입 전용) | D33: 위험 상황이 발생하면 위험 요약과 이미지가 모바일 메신저로 신속하게 전달된다. | E33: ① 전혀 그렇지 않다=1 … ⑤ 매우 그렇다=5 (동그라미 숫자로 판정, 그 외=결측) | F33: D_sub4 알림 전파 즉각성 | G33: 참고 변수: 시스템 특성 인식(도입 집단) | H33: 가설 검정 미투입, 미도입 빈칸
A34: D8 | B34: D8 | C34: Part D 시스템 특성(도입 전용) | D34: 모바일 메신저로 받은 알림만으로도 현장 상황을 쉽게 파악할 수 있다. | E34: ① 전혀 그렇지 않다=1 … ⑤ 매우 그렇다=5 (동그라미 숫자로 판정, 그 외=결측) | F34: D_sub4 알림 전파 즉각성 | G34: 참고 변수: 시스템 특성 인식(도입 집단) | H34: 가설 검정 미투입, 미도입 빈칸
A35: E1 | B35: E1 | C35: Part E 경보 피로도(도입 전용) | D35: 본 시스템이 위험이 아닌 상황을 걸러 주어 잦은 알림 확인에 따른 스트레스가 줄었다. | E35: ① 전혀 그렇지 않다=1 … ⑤ 매우 그렇다=5 (동그라미 숫자로 판정, 그 외=결측) | F35: E_total | G35: 참고 변수: 경보 피로도 완화 인식(도입 집단) | H35: 가설 검정 미투입, 미도입 빈칸
A36: E2 | B36: E2 | C36: Part E 경보 피로도(도입 전용) | D36: 불필요한 알림을 확인하는 시간이 줄어 핵심 업무에 더 집중하게 되었다. | E36: ① 전혀 그렇지 않다=1 … ⑤ 매우 그렇다=5 (동그라미 숫자로 판정, 그 외=결측) | F36: E_total | G36: 참고 변수: 경보 피로도 완화 인식(도입 집단) | H36: 가설 검정 미투입, 미도입 빈칸
A37: E3 | B37: E3 | C37: Part E 경보 피로도(도입 전용) | D37: 알림이 오면 ‘또 잘못 온 알림’으로 여겨 무시하기보다 바로 확인하는 경우가 늘었다. | E37: ① 전혀 그렇지 않다=1 … ⑤ 매우 그렇다=5 (동그라미 숫자로 판정, 그 외=결측) | F37: E_total | G37: 참고 변수: 경보 피로도 완화 인식(도입 집단) | H37: 가설 검정 미투입, 미도입 빈칸
A38: E4 | B38: E4 | C38: Part E 경보 피로도(도입 전용) | D38: 본 시스템 도입 이후 알림으로 인한 피로감이 줄었다. | E38: ① 전혀 그렇지 않다=1 … ⑤ 매우 그렇다=5 (동그라미 숫자로 판정, 그 외=결측) | F38: E_total | G38: 참고 변수: 경보 피로도 완화 인식(도입 집단) | H38: 가설 검정 미투입, 미도입 빈칸
A39: Y_total | B39: Y_total | C39: 파생 변수 | D39: 안전관리 실효성 전체 (B-1·B-2·B-3·B-4·B-5·B-6·B-7·B-8) | E39: mean(B1, B2, B3, B4, B5, B6, B7, B8) — 8문항 전부 응답 시에만 산출, 아니면 빈칸 | F39: 안전관리 실효성 전체 | G39: 종속변수(Y) — H1·H2 | H39: 영역 가중 12.5·12.5·25·25·25%
A40: Y1 | B40: Y1_조기인지 | C40: 파생 변수 | D40: 조기인지 (B-1) | E40: mean(B1) — 1문항 전부 응답 시에만 산출, 아니면 빈칸 | F40: 조기인지 | G40: 종속변수 하위요인 — 영역별 분석(<표 5-7>, Holm)
A41: Y2 | B41: Y2_대응신속성 | C41: 파생 변수 | D41: 대응 신속성 (B-2) | E41: mean(B2) — 1문항 전부 응답 시에만 산출, 아니면 빈칸 | F41: 대응 신속성 | G41: 종속변수 하위요인 — 영역별 분석(<표 5-7>, Holm)
A42: Y3 | B42: Y3_원격파악 | C42: 파생 변수 | D42: 원격 파악 (B-3·B-4) | E42: mean(B3, B4) — 2문항 전부 응답 시에만 산출, 아니면 빈칸 | F42: 원격 파악 | G42: 종속변수 하위요인 — 영역별 분석(<표 5-7>, Holm)
A43: Y4 | B43: Y4_순찰부담경감 | C43: 파생 변수 | D43: 순찰부담 경감 (B-5·B-6) | E43: mean(B5, B6) — 2문항 전부 응답 시에만 산출, 아니면 빈칸 | F43: 순찰부담 경감 | G43: 종속변수 하위요인 — 영역별 분석(<표 5-7>, Holm)
A44: Y5 | B44: Y5_위험통제력 | C44: 파생 변수 | D44: 위험 통제력 (B-7·B-8) | E44: mean(B7, B8) — 2문항 전부 응답 시에만 산출, 아니면 빈칸 | F44: 위험 통제력 | G44: 종속변수 하위요인 — 영역별 분석(<표 5-7>, Holm)
A45: W | B45: W_예산제약 | C45: 파생 변수 | D45: 안전관리 예산 제약성 (C-1·C-2·C-3·C-4) | E45: mean(C1, C2, C3, C4) — 4문항 전부 응답 시에만 산출, 아니면 빈칸 | F45: 안전관리 예산 제약성 | G45: 상호작용 변수(W) — H2 | H45: 분석 시 완전사례 평균으로 중심화(Task B)
A46: D_sub1 | B46: D_sub1_인프라범용성 | C46: 파생 변수 | D46: 인프라 범용성 (D-1·D-2) | E46: mean(D1, D2) — 2문항 전부 응답 시에만 산출, 아니면 빈칸; 도입 집단만(미도입 빈칸) | F46: 인프라 범용성 | G46: 참고 변수(도입 집단 기술통계) | H46: 가설 검정 미투입
A47: D_sub2 | B47: D_sub2_탐지제어안정성 | C47: 파생 변수 | D47: 탐지·제어 안정성 (D-3·D-4) | E47: mean(D3, D4) — 2문항 전부 응답 시에만 산출, 아니면 빈칸; 도입 집단만(미도입 빈칸) | F47: 탐지·제어 안정성 | G47: 참고 변수(도입 집단 기술통계) | H47: 가설 검정 미투입
A48: D_sub3 | B48: D_sub3_오탐필터링 | C48: 파생 변수 | D48: 오탐 필터링 (D-5·D-6) | E48: mean(D5, D6) — 2문항 전부 응답 시에만 산출, 아니면 빈칸; 도입 집단만(미도입 빈칸) | F48: 오탐 필터링 | G48: 참고 변수(도입 집단 기술통계) | H48: 가설 검정 미투입
A49: D_sub4 | B49: D_sub4_알림전파즉각성 | C49: 파생 변수 | D49: 알림 전파 즉각성 (D-7·D-8) | E49: mean(D7, D8) — 2문항 전부 응답 시에만 산출, 아니면 빈칸; 도입 집단만(미도입 빈칸) | F49: 알림 전파 즉각성 | G49: 참고 변수(도입 집단 기술통계) | H49: 가설 검정 미투입
A50: D_total | B50: D_total | C50: 파생 변수 | D50: 시스템 특성 인식 전체 (D-1·D-2·D-3·D-4·D-5·D-6·D-7·D-8) | E50: mean(D1, D2, D3, D4, D5, D6, D7, D8) — 8문항 전부 응답 시에만 산출, 아니면 빈칸; 도입 집단만(미도입 빈칸) | F50: 시스템 특성 인식 전체 | G50: 참고 변수(도입 집단 기술통계) | H50: 가설 검정 미투입
A51: E_total | B51: E_total | C51: 파생 변수 | D51: 경보 피로도 완화 인식 (E-1·E-2·E-3·E-4) | E51: mean(E1, E2, E3, E4) — 4문항 전부 응답 시에만 산출, 아니면 빈칸; 도입 집단만(미도입 빈칸) | F51: 경보 피로도 완화 인식 | G51: 참고 변수(도입 집단 기술통계) | H51: 가설 검정 미투입
A52: sys_path | B52: sys_path | C52: 파생 변수 | D52: 시스템 경로 작동(부록1·05장 <표 5-1> 주 규칙) | E52: 도입 집단: A7∈{3,4} 그리고 A8=3 → 1, 그 외 0; 미도입 빈칸. A7=5(기타)는 0 [확정 필요] | G52: 민감도 분석용(<표 5-6> sys_path=0 제외 재추정) | H52: [확정 필요: A-7 ⑤ 판정 기준]
A53: include | B53: include | C53: 관리 변수 | D53: 분석 포함 여부 | E53: 1=분석 포함, 0=제외(시험 응답 2건) | G53: 표본 선택(jamovi에서 include=1 필터)
A54: exclude_reason | B54: exclude_reason | C54: 관리 변수 | D54: 제외 사유 | E54: include=0의 사유 | G54: 표본 선택(jamovi에서 include=1 필터)

Sheet 빈도_기술통계
A1: 빈도·기술통계 — 코딩자료 참조 수식, include=1만 집계 (집단: 명부 대조 전 자기보고 분기값) | K1: D함수 조건 범위(수정 금지)
A2: 표 5-1 패널 A — 범주형 특성의 빈도와 비율 | J2: 도입 | K2: group | L2: include
A3: 비율 분모 = 항목별 유효 응답. 각 변수 아래 회색 행: 유효 응답 n과 결측 수. | K3: 1 | L3: 1
A4: 구분 | B4: 항목 | C4: 도입 n | D4: 도입 % | E4: 미도입 n | F4: 미도입 % | G4: 전체 n | H4: 전체 %
A5: 소속 구분 | B5: 시공사 | C5: =COUNTIFS(코딩자료!$C$2:$C$74,1,코딩자료!$BA$2:$BA$74,1,코딩자료!$D$2:$D$74,1) -> 17 | D5: =IFERROR(C5/C7,"") -> 0.53125 | E5: =COUNTIFS(코딩자료!$C$2:$C$74,0,코딩자료!$BA$2:$BA$74,1,코딩자료!$D$2:$D$74,1) -> 27 | F5: =IFERROR(E5/E7,"") -> 0.69230769 | G5: =COUNTIFS(코딩자료!$BA$2:$BA$74,1,코딩자료!$D$2:$D$74,1) -> 44 | H5: =IFERROR(G5/G7,"") -> 0.61971831 | J5: 미도입 | K5: group | L5: include
B6: 발주청(공사감독·감리원 포함) | C6: =COUNTIFS(코딩자료!$C$2:$C$74,1,코딩자료!$BA$2:$BA$74,1,코딩자료!$D$2:$D$74,2) -> 15 | D6: =IFERROR(C6/C7,"") -> 0.46875 | E6: =COUNTIFS(코딩자료!$C$2:$C$74,0,코딩자료!$BA$2:$BA$74,1,코딩자료!$D$2:$D$74,2) -> 12 | F6: =IFERROR(E6/E7,"") -> 0.30769231 | G6: =COUNTIFS(코딩자료!$BA$2:$BA$74,1,코딩자료!$D$2:$D$74,2) -> 27 | H6: =IFERROR(G6/G7,"") -> 0.38028169 | K6: 0 | L6: 1
B7: 유효 응답(분모) | C7: =COUNTIFS(코딩자료!$C$2:$C$74,1,코딩자료!$BA$2:$BA$74,1,코딩자료!$D$2:$D$74,"<>") -> 32 | D7: =COUNTIFS(코딩자료!$C$2:$C$74,1,코딩자료!$BA$2:$BA$74,1)-C7 -> 0 | E7: =COUNTIFS(코딩자료!$C$2:$C$74,0,코딩자료!$BA$2:$BA$74,1,코딩자료!$D$2:$D$74,"<>") -> 39 | F7: =COUNTIFS(코딩자료!$C$2:$C$74,0,코딩자료!$BA$2:$BA$74,1)-E7 -> 0 | G7: =COUNTIFS(코딩자료!$BA$2:$BA$74,1,코딩자료!$D$2:$D$74,"<>") -> 71 | H7: =COUNTIFS(코딩자료!$BA$2:$BA$74,1)-G7 -> 0
A8: 성별 | B8: 남성 | C8: =COUNTIFS(코딩자료!$C$2:$C$74,1,코딩자료!$BA$2:$BA$74,1,코딩자료!$E$2:$E$74,1) -> 32 | D8: =IFERROR(C8/C10,"") -> 1 | E8: =COUNTIFS(코딩자료!$C$2:$C$74,0,코딩자료!$BA$2:$BA$74,1,코딩자료!$E$2:$E$74,1) -> 33 | F8: =IFERROR(E8/E10,"") -> 0.84615385 | G8: =COUNTIFS(코딩자료!$BA$2:$BA$74,1,코딩자료!$E$2:$E$74,1) -> 65 | H8: =IFERROR(G8/G10,"") -> 0.91549296 | J8: 전체 | K8: include
B9: 여성 | C9: =COUNTIFS(코딩자료!$C$2:$C$74,1,코딩자료!$BA$2:$BA$74,1,코딩자료!$E$2:$E$74,2) -> 0 | D9: =IFERROR(C9/C10,"") -> 0 | E9: =COUNTIFS(코딩자료!$C$2:$C$74,0,코딩자료!$BA$2:$BA$74,1,코딩자료!$E$2:$E$74,2) -> 6 | F9: =IFERROR(E9/E10,"") -> 0.15384615 | G9: =COUNTIFS(코딩자료!$BA$2:$BA$74,1,코딩자료!$E$2:$E$74,2) -> 6 | H9: =IFERROR(G9/G10,"") -> 0.084507042 | K9: 1
B10: 유효 응답(분모) | C10: =COUNTIFS(코딩자료!$C$2:$C$74,1,코딩자료!$BA$2:$BA$74,1,코딩자료!$E$2:$E$74,"<>") -> 32 | D10: =COUNTIFS(코딩자료!$C$2:$C$74,1,코딩자료!$BA$2:$BA$74,1)-C10 -> 0 | E10: =COUNTIFS(코딩자료!$C$2:$C$74,0,코딩자료!$BA$2:$BA$74,1,코딩자료!$E$2:$E$74,"<>") -> 39 | F10: =COUNTIFS(코딩자료!$C$2:$C$74,0,코딩자료!$BA$2:$BA$74,1)-E10 -> 0 | G10: =COUNTIFS(코딩자료!$BA$2:$BA$74,1,코딩자료!$E$2:$E$74,"<>") -> 71 | H10: =COUNTIFS(코딩자료!$BA$2:$BA$74,1)-G10 -> 0
A11: 역할 | B11: 공사감독 | C11: =COUNTIFS(코딩자료!$C$2:$C$74,1,코딩자료!$BA$2:$BA$74,1,코딩자료!$H$2:$H$74,1) -> 12 | D11: =IFERROR(C11/C15,"") -> 0.375 | E11: =COUNTIFS(코딩자료!$C$2:$C$74,0,코딩자료!$BA$2:$BA$74,1,코딩자료!$H$2:$H$74,1) -> 12 | F11: =IFERROR(E11/E15,"") -> 0.31578947 | G11: =COUNTIFS(코딩자료!$BA$2:$BA$74,1,코딩자료!$H$2:$H$74,1) -> 24 | H11: =IFERROR(G11/G15,"") -> 0.34285714
B12: 안전관리자 | C12: =COUNTIFS(코딩자료!$C$2:$C$74,1,코딩자료!$BA$2:$BA$74,1,코딩자료!$H$2:$H$74,2) -> 7 | D12: =IFERROR(C12/C15,"") -> 0.21875 | E12: =COUNTIFS(코딩자료!$C$2:$C$74,0,코딩자료!$BA$2:$BA$74,1,코딩자료!$H$2:$H$74,2) -> 12 | F12: =IFERROR(E12/E15,"") -> 0.31578947 | G12: =COUNTIFS(코딩자료!$BA$2:$BA$74,1,코딩자료!$H$2:$H$74,2) -> 19 | H12: =IFERROR(G12/G15,"") -> 0.27142857
B13: 현장소장 | C13: =COUNTIFS(코딩자료!$C$2:$C$74,1,코딩자료!$BA$2:$BA$74,1,코딩자료!$H$2:$H$74,3) -> 10 | D13: =IFERROR(C13/C15,"") -> 0.3125 | E13: =COUNTIFS(코딩자료!$C$2:$C$74,0,코딩자료!$BA$2:$BA$74,1,코딩자료!$H$2:$H$74,3) -> 12 | F13: =IFERROR(E13/E15,"") -> 0.31578947 | G13: =COUNTIFS(코딩자료!$BA$2:$BA$74,1,코딩자료!$H$2:$H$74,3) -> 22 | H13: =IFERROR(G13/G15,"") -> 0.31428571
B14: 기타 | C14: =COUNTIFS(코딩자료!$C$2:$C$74,1,코딩자료!$BA$2:$BA$74,1,코딩자료!$H$2:$H$74,4) -> 3 | D14: =IFERROR(C14/C15,"") -> 0.09375 | E14: =COUNTIFS(코딩자료!$C$2:$C$74,0,코딩자료!$BA$2:$BA$74,1,코딩자료!$H$2:$H$74,4) -> 2 | F14: =IFERROR(E14/E15,"") -> 0.052631579 | G14: =COUNTIFS(코딩자료!$BA$2:$BA$74,1,코딩자료!$H$2:$H$74,4) -> 5 | H14: =IFERROR(G14/G15,"") -> 0.071428571
B15: 유효 응답(분모) | C15: =COUNTIFS(코딩자료!$C$2:$C$74,1,코딩자료!$BA$2:$BA$74,1,코딩자료!$H$2:$H$74,"<>") -> 32 | D15: =COUNTIFS(코딩자료!$C$2:$C$74,1,코딩자료!$BA$2:$BA$74,1)-C15 -> 0 | E15: =COUNTIFS(코딩자료!$C$2:$C$74,0,코딩자료!$BA$2:$BA$74,1,코딩자료!$H$2:$H$74,"<>") -> 38 | F15: =COUNTIFS(코딩자료!$C$2:$C$74,0,코딩자료!$BA$2:$BA$74,1)-E15 -> 1 | G15: =COUNTIFS(코딩자료!$BA$2:$BA$74,1,코딩자료!$H$2:$H$74,"<>") -> 70 | H15: =COUNTIFS(코딩자료!$BA$2:$BA$74,1)-G15 -> 1
A16: 총공사비 구간 | B16: 20억 원 미만 | C16: =COUNTIFS(코딩자료!$C$2:$C$74,1,코딩자료!$BA$2:$BA$74,1,코딩자료!$J$2:$J$74,1) -> 2 | D16: =IFERROR(C16/C20,"") -> 0.0625 | E16: =COUNTIFS(코딩자료!$C$2:$C$74,0,코딩자료!$BA$2:$BA$74,1,코딩자료!$J$2:$J$74,1) -> 5 | F16: =IFERROR(E16/E20,"") -> 0.12820513 | G16: =COUNTIFS(코딩자료!$BA$2:$BA$74,1,코딩자료!$J$2:$J$74,1) -> 7 | H16: =IFERROR(G16/G20,"") -> 0.098591549
B17: 20억 원 이상∼50억 원 미만 | C17: =COUNTIFS(코딩자료!$C$2:$C$74,1,코딩자료!$BA$2:$BA$74,1,코딩자료!$J$2:$J$74,2) -> 6 | D17: =IFERROR(C17/C20,"") -> 0.1875 | E17: =COUNTIFS(코딩자료!$C$2:$C$74,0,코딩자료!$BA$2:$BA$74,1,코딩자료!$J$2:$J$74,2) -> 9 | F17: =IFERROR(E17/E20,"") -> 0.23076923 | G17: =COUNTIFS(코딩자료!$BA$2:$BA$74,1,코딩자료!$J$2:$J$74,2) -> 15 | H17: =IFERROR(G17/G20,"") -> 0.21126761
B18: 50억 원 이상∼120억 원 미만 | C18: =COUNTIFS(코딩자료!$C$2:$C$74,1,코딩자료!$BA$2:$BA$74,1,코딩자료!$J$2:$J$74,3) -> 15 | D18: =IFERROR(C18/C20,"") -> 0.46875 | E18: =COUNTIFS(코딩자료!$C$2:$C$74,0,코딩자료!$BA$2:$BA$74,1,코딩자료!$J$2:$J$74,3) -> 9 | F18: =IFERROR(E18/E20,"") -> 0.23076923 | G18: =COUNTIFS(코딩자료!$BA$2:$BA$74,1,코딩자료!$J$2:$J$74,3) -> 24 | H18: =IFERROR(G18/G20,"") -> 0.33802817
B19: 120억 원 이상 | C19: =COUNTIFS(코딩자료!$C$2:$C$74,1,코딩자료!$BA$2:$BA$74,1,코딩자료!$J$2:$J$74,4) -> 9 | D19: =IFERROR(C19/C20,"") -> 0.28125 | E19: =COUNTIFS(코딩자료!$C$2:$C$74,0,코딩자료!$BA$2:$BA$74,1,코딩자료!$J$2:$J$74,4) -> 16 | F19: =IFERROR(E19/E20,"") -> 0.41025641 | G19: =COUNTIFS(코딩자료!$BA$2:$BA$74,1,코딩자료!$J$2:$J$74,4) -> 25 | H19: =IFERROR(G19/G20,"") -> 0.35211268
B20: 유효 응답(분모) | C20: =COUNTIFS(코딩자료!$C$2:$C$74,1,코딩자료!$BA$2:$BA$74,1,코딩자료!$J$2:$J$74,"<>") -> 32 | D20: =COUNTIFS(코딩자료!$C$2:$C$74,1,코딩자료!$BA$2:$BA$74,1)-C20 -> 0 | E20: =COUNTIFS(코딩자료!$C$2:$C$74,0,코딩자료!$BA$2:$BA$74,1,코딩자료!$J$2:$J$74,"<>") -> 39 | F20: =COUNTIFS(코딩자료!$C$2:$C$74,0,코딩자료!$BA$2:$BA$74,1)-E20 -> 0 | G20: =COUNTIFS(코딩자료!$BA$2:$BA$74,1,코딩자료!$J$2:$J$74,"<>") -> 71 | H20: =COUNTIFS(코딩자료!$BA$2:$BA$74,1)-G20 -> 0
A21: 합계(include=1) | C21: =COUNTIFS(코딩자료!$C$2:$C$74,1,코딩자료!$BA$2:$BA$74,1) -> 32 | E21: =COUNTIFS(코딩자료!$C$2:$C$74,0,코딩자료!$BA$2:$BA$74,1) -> 39 | G21: =COUNTIFS(코딩자료!$BA$2:$BA$74,1) -> 71
A23: 표 5-1 패널 B — 만 나이·건설현장 경력
A24: 중위값은 수식 제약(MEDIAN 조건부 배열식 미사용)으로 이 시트에서 산출하지 않는다 — Task B 분석 결과 참조.
A25: 변수 | B25: 집단 | C25: n | D25: 평균(M) | E25: 표준편차(SD) | F25: 최솟값 | G25: 최댓값
A26: 만 나이(세) | B26: 도입 | C26: =IFERROR(DCOUNT(코딩자료!$A$1:$BB$74,"A3_나이",$K$2:$L$3),"") -> 32 | D26: =IFERROR(DAVERAGE(코딩자료!$A$1:$BB$74,"A3_나이",$K$2:$L$3),"") -> 47 | E26: =IFERROR(DSTDEV(코딩자료!$A$1:$BB$74,"A3_나이",$K$2:$L$3),"") -> 11.129733 | F26: =IFERROR(DMIN(코딩자료!$A$1:$BB$74,"A3_나이",$K$2:$L$3),"") -> 30 | G26: =IFERROR(DMAX(코딩자료!$A$1:$BB$74,"A3_나이",$K$2:$L$3),"") -> 66
B27: 미도입 | C27: =IFERROR(DCOUNT(코딩자료!$A$1:$BB$74,"A3_나이",$K$5:$L$6),"") -> 39 | D27: =IFERROR(DAVERAGE(코딩자료!$A$1:$BB$74,"A3_나이",$K$5:$L$6),"") -> 46.897436 | E27: =IFERROR(DSTDEV(코딩자료!$A$1:$BB$74,"A3_나이",$K$5:$L$6),"") -> 12.01051 | F27: =IFERROR(DMIN(코딩자료!$A$1:$BB$74,"A3_나이",$K$5:$L$6),"") -> 24 | G27: =IFERROR(DMAX(코딩자료!$A$1:$BB$74,"A3_나이",$K$5:$L$6),"") -> 67
B28: 전체 | C28: =IFERROR(DCOUNT(코딩자료!$A$1:$BB$74,"A3_나이",$K$8:$K$9),"") -> 71 | D28: =IFERROR(DAVERAGE(코딩자료!$A$1:$BB$74,"A3_나이",$K$8:$K$9),"") -> 46.943662 | E28: =IFERROR(DSTDEV(코딩자료!$A$1:$BB$74,"A3_나이",$K$8:$K$9),"") -> 11.539853 | F28: =IFERROR(DMIN(코딩자료!$A$1:$BB$74,"A3_나이",$K$8:$K$9),"") -> 24 | G28: =IFERROR(DMAX(코딩자료!$A$1:$BB$74,"A3_나이",$K$8:$K$9),"") -> 67
A29: 건설현장 경력(년) | B29: 도입 | C29: =IFERROR(DCOUNT(코딩자료!$A$1:$BB$74,"A4_경력",$K$2:$L$3),"") -> 32 | D29: =IFERROR(DAVERAGE(코딩자료!$A$1:$BB$74,"A4_경력",$K$2:$L$3),"") -> 14.5625 | E29: =IFERROR(DSTDEV(코딩자료!$A$1:$BB$74,"A4_경력",$K$2:$L$3),"") -> 10.99835 | F29: =IFERROR(DMIN(코딩자료!$A$1:$BB$74,"A4_경력",$K$2:$L$3),"") -> 1 | G29: =IFERROR(DMAX(코딩자료!$A$1:$BB$74,"A4_경력",$K$2:$L$3),"") -> 37
B30: 미도입 | C30: =IFERROR(DCOUNT(코딩자료!$A$1:$BB$74,"A4_경력",$K$5:$L$6),"") -> 39 | D30: =IFERROR(DAVERAGE(코딩자료!$A$1:$BB$74,"A4_경력",$K$5:$L$6),"") -> 17.538462 | E30: =IFERROR(DSTDEV(코딩자료!$A$1:$BB$74,"A4_경력",$K$5:$L$6),"") -> 12.44746 | F30: =IFERROR(DMIN(코딩자료!$A$1:$BB$74,"A4_경력",$K$5:$L$6),"") -> 1 | G30: =IFERROR(DMAX(코딩자료!$A$1:$BB$74,"A4_경력",$K$5:$L$6),"") -> 45
B31: 전체 | C31: =IFERROR(DCOUNT(코딩자료!$A$1:$BB$74,"A4_경력",$K$8:$K$9),"") -> 71 | D31: =IFERROR(DAVERAGE(코딩자료!$A$1:$BB$74,"A4_경력",$K$8:$K$9),"") -> 16.197183 | E31: =IFERROR(DSTDEV(코딩자료!$A$1:$BB$74,"A4_경력",$K$8:$K$9),"") -> 11.828078 | F31: =IFERROR(DMIN(코딩자료!$A$1:$BB$74,"A4_경력",$K$8:$K$9),"") -> 1 | G31: =IFERROR(DMAX(코딩자료!$A$1:$BB$74,"A4_경력",$K$8:$K$9),"") -> 45
A33: 표 5-1 패널 C — 현장 운영 특성(A-7∼A-9)
A34: Fisher 정확검정 p는 Task B 분석에서 산출.
A35: 구분 | B35: 항목 | C35: 도입 n | D35: 도입 % | E35: 미도입 n | F35: 미도입 % | G35: 전체 n | H35: 전체 %
A36: A-7 담당자 부재 시 위험 인지 경로 | B36: ① 알게 될 방법이 없다 | C36: =COUNTIFS(코딩자료!$C$2:$C$74,1,코딩자료!$BA$2:$BA$74,1,코딩자료!$K$2:$K$74,1) -> 0 | D36: =IFERROR(C36/C41,"") -> 0 | E36: =COUNTIFS(코딩자료!$C$2:$C$74,0,코딩자료!$BA$2:$BA$74,1,코딩자료!$K$2:$K$74,1) -> 2 | F36: =IFERROR(E36/E41,"") -> 0.051282051 | G36: =COUNTIFS(코딩자료!$BA$2:$BA$74,1,코딩자료!$K$2:$K$74,1) -> 2 | H36: =IFERROR(G36/G41,"") -> 0.028169014
B37: ② 작업자나 반장의 전화·보고 | C37: =COUNTIFS(코딩자료!$C$2:$C$74,1,코딩자료!$BA$2:$BA$74,1,코딩자료!$K$2:$K$74,2) -> 13 | D37: =IFERROR(C37/C41,"") -> 0.40625 | E37: =COUNTIFS(코딩자료!$C$2:$C$74,0,코딩자료!$BA$2:$BA$74,1,코딩자료!$K$2:$K$74,2) -> 27 | F37: =IFERROR(E37/E41,"") -> 0.69230769 | G37: =COUNTIFS(코딩자료!$BA$2:$BA$74,1,코딩자료!$K$2:$K$74,2) -> 40 | H37: =IFERROR(G37/G41,"") -> 0.56338028
B38: ③ 사무실 등에서 CCTV 화면을 직접 본다 | C38: =COUNTIFS(코딩자료!$C$2:$C$74,1,코딩자료!$BA$2:$BA$74,1,코딩자료!$K$2:$K$74,3) -> 9 | D38: =IFERROR(C38/C41,"") -> 0.28125 | E38: =COUNTIFS(코딩자료!$C$2:$C$74,0,코딩자료!$BA$2:$BA$74,1,코딩자료!$K$2:$K$74,3) -> 7 | F38: =IFERROR(E38/E41,"") -> 0.17948718 | G38: =COUNTIFS(코딩자료!$BA$2:$BA$74,1,코딩자료!$K$2:$K$74,3) -> 16 | H38: =IFERROR(G38/G41,"") -> 0.22535211
B39: ④ 자동 알림(문자·메신저·앱)을 받는다 | C39: =COUNTIFS(코딩자료!$C$2:$C$74,1,코딩자료!$BA$2:$BA$74,1,코딩자료!$K$2:$K$74,4) -> 8 | D39: =IFERROR(C39/C41,"") -> 0.25 | E39: =COUNTIFS(코딩자료!$C$2:$C$74,0,코딩자료!$BA$2:$BA$74,1,코딩자료!$K$2:$K$74,4) -> 0 | F39: =IFERROR(E39/E41,"") -> 0 | G39: =COUNTIFS(코딩자료!$BA$2:$BA$74,1,코딩자료!$K$2:$K$74,4) -> 8 | H39: =IFERROR(G39/G41,"") -> 0.11267606
B40: ⑤ 기타 | C40: =COUNTIFS(코딩자료!$C$2:$C$74,1,코딩자료!$BA$2:$BA$74,1,코딩자료!$K$2:$K$74,5) -> 2 | D40: =IFERROR(C40/C41,"") -> 0.0625 | E40: =COUNTIFS(코딩자료!$C$2:$C$74,0,코딩자료!$BA$2:$BA$74,1,코딩자료!$K$2:$K$74,5) -> 3 | F40: =IFERROR(E40/E41,"") -> 0.076923077 | G40: =COUNTIFS(코딩자료!$BA$2:$BA$74,1,코딩자료!$K$2:$K$74,5) -> 5 | H40: =IFERROR(G40/G41,"") -> 0.070422535
B41: 유효 응답(분모) | C41: =COUNTIFS(코딩자료!$C$2:$C$74,1,코딩자료!$BA$2:$BA$74,1,코딩자료!$K$2:$K$74,"<>") -> 32 | D41: =COUNTIFS(코딩자료!$C$2:$C$74,1,코딩자료!$BA$2:$BA$74,1)-C41 -> 0 | E41: =COUNTIFS(코딩자료!$C$2:$C$74,0,코딩자료!$BA$2:$BA$74,1,코딩자료!$K$2:$K$74,"<>") -> 39 | F41: =COUNTIFS(코딩자료!$C$2:$C$74,0,코딩자료!$BA$2:$BA$74,1)-E41 -> 0 | G41: =COUNTIFS(코딩자료!$BA$2:$BA$74,1,코딩자료!$K$2:$K$74,"<>") -> 71 | H41: =COUNTIFS(코딩자료!$BA$2:$BA$74,1)-G41 -> 0
A42: A-8 순찰 간 위험 인지 시점 | B42: ① 다음 순찰 때 | C42: =COUNTIFS(코딩자료!$C$2:$C$74,1,코딩자료!$BA$2:$BA$74,1,코딩자료!$M$2:$M$74,1) -> 11 | D42: =IFERROR(C42/C46,"") -> 0.34375 | E42: =COUNTIFS(코딩자료!$C$2:$C$74,0,코딩자료!$BA$2:$BA$74,1,코딩자료!$M$2:$M$74,1) -> 5 | F42: =IFERROR(E42/E46,"") -> 0.12820513 | G42: =COUNTIFS(코딩자료!$BA$2:$BA$74,1,코딩자료!$M$2:$M$74,1) -> 16 | H42: =IFERROR(G42/G46,"") -> 0.22535211
B43: ② 누군가 알려줄 때 | C43: =COUNTIFS(코딩자료!$C$2:$C$74,1,코딩자료!$BA$2:$BA$74,1,코딩자료!$M$2:$M$74,2) -> 12 | D43: =IFERROR(C43/C46,"") -> 0.375 | E43: =COUNTIFS(코딩자료!$C$2:$C$74,0,코딩자료!$BA$2:$BA$74,1,코딩자료!$M$2:$M$74,2) -> 29 | F43: =IFERROR(E43/E46,"") -> 0.74358974 | G43: =COUNTIFS(코딩자료!$BA$2:$BA$74,1,코딩자료!$M$2:$M$74,2) -> 41 | H43: =IFERROR(G43/G46,"") -> 0.57746479
B44: ③ 발생 직후 알림으로 | C44: =COUNTIFS(코딩자료!$C$2:$C$74,1,코딩자료!$BA$2:$BA$74,1,코딩자료!$M$2:$M$74,3) -> 5 | D44: =IFERROR(C44/C46,"") -> 0.15625 | E44: =COUNTIFS(코딩자료!$C$2:$C$74,0,코딩자료!$BA$2:$BA$74,1,코딩자료!$M$2:$M$74,3) -> 2 | F44: =IFERROR(E44/E46,"") -> 0.051282051 | G44: =COUNTIFS(코딩자료!$BA$2:$BA$74,1,코딩자료!$M$2:$M$74,3) -> 7 | H44: =IFERROR(G44/G46,"") -> 0.098591549
B45: ④ 모르고 지나가는 경우가 많다 | C45: =COUNTIFS(코딩자료!$C$2:$C$74,1,코딩자료!$BA$2:$BA$74,1,코딩자료!$M$2:$M$74,4) -> 4 | D45: =IFERROR(C45/C46,"") -> 0.125 | E45: =COUNTIFS(코딩자료!$C$2:$C$74,0,코딩자료!$BA$2:$BA$74,1,코딩자료!$M$2:$M$74,4) -> 3 | F45: =IFERROR(E45/E46,"") -> 0.076923077 | G45: =COUNTIFS(코딩자료!$BA$2:$BA$74,1,코딩자료!$M$2:$M$74,4) -> 7 | H45: =IFERROR(G45/G46,"") -> 0.098591549
B46: 유효 응답(분모) | C46: =COUNTIFS(코딩자료!$C$2:$C$74,1,코딩자료!$BA$2:$BA$74,1,코딩자료!$M$2:$M$74,"<>") -> 32 | D46: =COUNTIFS(코딩자료!$C$2:$C$74,1,코딩자료!$BA$2:$BA$74,1)-C46 -> 0 | E46: =COUNTIFS(코딩자료!$C$2:$C$74,0,코딩자료!$BA$2:$BA$74,1,코딩자료!$M$2:$M$74,"<>") -> 39 | F46: =COUNTIFS(코딩자료!$C$2:$C$74,0,코딩자료!$BA$2:$BA$74,1)-E46 -> 0 | G46: =COUNTIFS(코딩자료!$BA$2:$BA$74,1,코딩자료!$M$2:$M$74,"<>") -> 71 | H46: =COUNTIFS(코딩자료!$BA$2:$BA$74,1)-G46 -> 0
A47: A-9 인지 후 지시 전달 소요시간 | B47: ① 즉시∼5분 | C47: =COUNTIFS(코딩자료!$C$2:$C$74,1,코딩자료!$BA$2:$BA$74,1,코딩자료!$N$2:$N$74,1) -> 10 | D47: =IFERROR(C47/C51,"") -> 0.3125 | E47: =COUNTIFS(코딩자료!$C$2:$C$74,0,코딩자료!$BA$2:$BA$74,1,코딩자료!$N$2:$N$74,1) -> 15 | F47: =IFERROR(E47/E51,"") -> 0.38461538 | G47: =COUNTIFS(코딩자료!$BA$2:$BA$74,1,코딩자료!$N$2:$N$74,1) -> 25 | H47: =IFERROR(G47/G51,"") -> 0.35211268
B48: ② 5분 초과∼30분 | C48: =COUNTIFS(코딩자료!$C$2:$C$74,1,코딩자료!$BA$2:$BA$74,1,코딩자료!$N$2:$N$74,2) -> 17 | D48: =IFERROR(C48/C51,"") -> 0.53125 | E48: =COUNTIFS(코딩자료!$C$2:$C$74,0,코딩자료!$BA$2:$BA$74,1,코딩자료!$N$2:$N$74,2) -> 15 | F48: =IFERROR(E48/E51,"") -> 0.38461538 | G48: =COUNTIFS(코딩자료!$BA$2:$BA$74,1,코딩자료!$N$2:$N$74,2) -> 32 | H48: =IFERROR(G48/G51,"") -> 0.45070423
B49: ③ 30분 초과∼1시간 | C49: =COUNTIFS(코딩자료!$C$2:$C$74,1,코딩자료!$BA$2:$BA$74,1,코딩자료!$N$2:$N$74,3) -> 4 | D49: =IFERROR(C49/C51,"") -> 0.125 | E49: =COUNTIFS(코딩자료!$C$2:$C$74,0,코딩자료!$BA$2:$BA$74,1,코딩자료!$N$2:$N$74,3) -> 7 | F49: =IFERROR(E49/E51,"") -> 0.17948718 | G49: =COUNTIFS(코딩자료!$BA$2:$BA$74,1,코딩자료!$N$2:$N$74,3) -> 11 | H49: =IFERROR(G49/G51,"") -> 0.15492958
B50: ④ 1시간 초과 또는 다음 순찰 때 | C50: =COUNTIFS(코딩자료!$C$2:$C$74,1,코딩자료!$BA$2:$BA$74,1,코딩자료!$N$2:$N$74,4) -> 1 | D50: =IFERROR(C50/C51,"") -> 0.03125 | E50: =COUNTIFS(코딩자료!$C$2:$C$74,0,코딩자료!$BA$2:$BA$74,1,코딩자료!$N$2:$N$74,4) -> 2 | F50: =IFERROR(E50/E51,"") -> 0.051282051 | G50: =COUNTIFS(코딩자료!$BA$2:$BA$74,1,코딩자료!$N$2:$N$74,4) -> 3 | H50: =IFERROR(G50/G51,"") -> 0.042253521
B51: 유효 응답(분모) | C51: =COUNTIFS(코딩자료!$C$2:$C$74,1,코딩자료!$BA$2:$BA$74,1,코딩자료!$N$2:$N$74,"<>") -> 32 | D51: =COUNTIFS(코딩자료!$C$2:$C$74,1,코딩자료!$BA$2:$BA$74,1)-C51 -> 0 | E51: =COUNTIFS(코딩자료!$C$2:$C$74,0,코딩자료!$BA$2:$BA$74,1,코딩자료!$N$2:$N$74,"<>") -> 39 | F51: =COUNTIFS(코딩자료!$C$2:$C$74,0,코딩자료!$BA$2:$BA$74,1)-E51 -> 0 | G51: =COUNTIFS(코딩자료!$BA$2:$BA$74,1,코딩자료!$N$2:$N$74,"<>") -> 71 | H51: =COUNTIFS(코딩자료!$BA$2:$BA$74,1)-G51 -> 0
A53: 도입 집단 시스템 경로 작동(sys_path) 집계
A54: sys_path=1: A-7이 ③·④이고 A-8이 ③. A-7 ⑤(기타)는 0으로 집계 [확정 필요].
A55: 구분 | B55: 항목 | C55: 도입 n
A56: 시스템 경로 | B56: sys_path=1 (경로 작동) | C56: =COUNTIFS(코딩자료!$C$2:$C$74,1,코딩자료!$BA$2:$BA$74,1,코딩자료!$AZ$2:$AZ$74,1) -> 5
A57: 시스템 경로 | B57: sys_path=0 (경로 미작동) | C57: =COUNTIFS(코딩자료!$C$2:$C$74,1,코딩자료!$BA$2:$BA$74,1,코딩자료!$AZ$2:$AZ$74,0) -> 27
A58: 시스템 경로 | B58: 그중 A-7 ⑤ 기타 | C58: =COUNTIFS(코딩자료!$C$2:$C$74,1,코딩자료!$BA$2:$BA$74,1,코딩자료!$K$2:$K$74,5) -> 2
A60: 표 5-3 패널 A — 주요 변수의 기술통계(집단별)
A61: 왜도·첨도는 Task B 분석 결과 참조. n은 해당 척도 전 문항 응답자 수.
A62: 변수 | B62: 집단 | C62: n | D62: 평균(M) | E62: 표준편차(SD) | F62: 최솟값 | G62: 최댓값
A63: 안전관리 실효성 전체 | B63: 도입 | C63: =IFERROR(DCOUNT(코딩자료!$A$1:$BB$74,"Y_total",$K$2:$L$3),"") -> 32 | D63: =IFERROR(DAVERAGE(코딩자료!$A$1:$BB$74,"Y_total",$K$2:$L$3),"") -> 4.0195312 | E63: =IFERROR(DSTDEV(코딩자료!$A$1:$BB$74,"Y_total",$K$2:$L$3),"") -> 0.60083055 | F63: =IFERROR(DMIN(코딩자료!$A$1:$BB$74,"Y_total",$K$2:$L$3),"") -> 2.75 | G63: =IFERROR(DMAX(코딩자료!$A$1:$BB$74,"Y_total",$K$2:$L$3),"") -> 5
B64: 미도입 | C64: =IFERROR(DCOUNT(코딩자료!$A$1:$BB$74,"Y_total",$K$5:$L$6),"") -> 39 | D64: =IFERROR(DAVERAGE(코딩자료!$A$1:$BB$74,"Y_total",$K$5:$L$6),"") -> 3.4839744 | E64: =IFERROR(DSTDEV(코딩자료!$A$1:$BB$74,"Y_total",$K$5:$L$6),"") -> 0.81221123 | F64: =IFERROR(DMIN(코딩자료!$A$1:$BB$74,"Y_total",$K$5:$L$6),"") -> 1.375 | G64: =IFERROR(DMAX(코딩자료!$A$1:$BB$74,"Y_total",$K$5:$L$6),"") -> 5
B65: 전체 | C65: =IFERROR(DCOUNT(코딩자료!$A$1:$BB$74,"Y_total",$K$8:$K$9),"") -> 71 | D65: =IFERROR(DAVERAGE(코딩자료!$A$1:$BB$74,"Y_total",$K$8:$K$9),"") -> 3.7253521 | E65: =IFERROR(DSTDEV(코딩자료!$A$1:$BB$74,"Y_total",$K$8:$K$9),"") -> 0.7681203 | F65: =IFERROR(DMIN(코딩자료!$A$1:$BB$74,"Y_total",$K$8:$K$9),"") -> 1.375 | G65: =IFERROR(DMAX(코딩자료!$A$1:$BB$74,"Y_total",$K$8:$K$9),"") -> 5
A66: 조기인지 | B66: 도입 | C66: =IFERROR(DCOUNT(코딩자료!$A$1:$BB$74,"Y1_조기인지",$K$2:$L$3),"") -> 32 | D66: =IFERROR(DAVERAGE(코딩자료!$A$1:$BB$74,"Y1_조기인지",$K$2:$L$3),"") -> 3.8125 | E66: =IFERROR(DSTDEV(코딩자료!$A$1:$BB$74,"Y1_조기인지",$K$2:$L$3),"") -> 0.85901294 | F66: =IFERROR(DMIN(코딩자료!$A$1:$BB$74,"Y1_조기인지",$K$2:$L$3),"") -> 2 | G66: =IFERROR(DMAX(코딩자료!$A$1:$BB$74,"Y1_조기인지",$K$2:$L$3),"") -> 5
B67: 미도입 | C67: =IFERROR(DCOUNT(코딩자료!$A$1:$BB$74,"Y1_조기인지",$K$5:$L$6),"") -> 39 | D67: =IFERROR(DAVERAGE(코딩자료!$A$1:$BB$74,"Y1_조기인지",$K$5:$L$6),"") -> 3.5128205 | E67: =IFERROR(DSTDEV(코딩자료!$A$1:$BB$74,"Y1_조기인지",$K$5:$L$6),"") -> 0.82308134 | F67: =IFERROR(DMIN(코딩자료!$A$1:$BB$74,"Y1_조기인지",$K$5:$L$6),"") -> 1 | G67: =IFERROR(DMAX(코딩자료!$A$1:$BB$74,"Y1_조기인지",$K$5:$L$6),"") -> 5
B68: 전체 | C68: =IFERROR(DCOUNT(코딩자료!$A$1:$BB$74,"Y1_조기인지",$K$8:$K$9),"") -> 71 | D68: =IFERROR(DAVERAGE(코딩자료!$A$1:$BB$74,"Y1_조기인지",$K$8:$K$9),"") -> 3.6478873 | E68: =IFERROR(DSTDEV(코딩자료!$A$1:$BB$74,"Y1_조기인지",$K$8:$K$9),"") -> 0.84681912 | F68: =IFERROR(DMIN(코딩자료!$A$1:$BB$74,"Y1_조기인지",$K$8:$K$9),"") -> 1 | G68: =IFERROR(DMAX(코딩자료!$A$1:$BB$74,"Y1_조기인지",$K$8:$K$9),"") -> 5
A69: 대응 신속성 | B69: 도입 | C69: =IFERROR(DCOUNT(코딩자료!$A$1:$BB$74,"Y2_대응신속성",$K$2:$L$3),"") -> 32 | D69: =IFERROR(DAVERAGE(코딩자료!$A$1:$BB$74,"Y2_대응신속성",$K$2:$L$3),"") -> 4.25 | E69: =IFERROR(DSTDEV(코딩자료!$A$1:$BB$74,"Y2_대응신속성",$K$2:$L$3),"") -> 0.67202151 | F69: =IFERROR(DMIN(코딩자료!$A$1:$BB$74,"Y2_대응신속성",$K$2:$L$3),"") -> 3 | G69: =IFERROR(DMAX(코딩자료!$A$1:$BB$74,"Y2_대응신속성",$K$2:$L$3),"") -> 5
B70: 미도입 | C70: =IFERROR(DCOUNT(코딩자료!$A$1:$BB$74,"Y2_대응신속성",$K$5:$L$6),"") -> 39 | D70: =IFERROR(DAVERAGE(코딩자료!$A$1:$BB$74,"Y2_대응신속성",$K$5:$L$6),"") -> 3.8717949 | E70: =IFERROR(DSTDEV(코딩자료!$A$1:$BB$74,"Y2_대응신속성",$K$5:$L$6),"") -> 0.83286086 | F70: =IFERROR(DMIN(코딩자료!$A$1:$BB$74,"Y2_대응신속성",$K$5:$L$6),"") -> 2 | G70: =IFERROR(DMAX(코딩자료!$A$1:$BB$74,"Y2_대응신속성",$K$5:$L$6),"") -> 5
B71: 전체 | C71: =IFERROR(DCOUNT(코딩자료!$A$1:$BB$74,"Y2_대응신속성",$K$8:$K$9),"") -> 71 | D71: =IFERROR(DAVERAGE(코딩자료!$A$1:$BB$74,"Y2_대응신속성",$K$8:$K$9),"") -> 4.0422535 | E71: =IFERROR(DSTDEV(코딩자료!$A$1:$BB$74,"Y2_대응신속성",$K$8:$K$9),"") -> 0.78260772 | F71: =IFERROR(DMIN(코딩자료!$A$1:$BB$74,"Y2_대응신속성",$K$8:$K$9),"") -> 2 | G71: =IFERROR(DMAX(코딩자료!$A$1:$BB$74,"Y2_대응신속성",$K$8:$K$9),"") -> 5
A72: 원격 파악 | B72: 도입 | C72: =IFERROR(DCOUNT(코딩자료!$A$1:$BB$74,"Y3_원격파악",$K$2:$L$3),"") -> 32 | D72: =IFERROR(DAVERAGE(코딩자료!$A$1:$BB$74,"Y3_원격파악",$K$2:$L$3),"") -> 3.96875 | E72: =IFERROR(DSTDEV(코딩자료!$A$1:$BB$74,"Y3_원격파악",$K$2:$L$3),"") -> 0.68317924 | F72: =IFERROR(DMIN(코딩자료!$A$1:$BB$74,"Y3_원격파악",$K$2:$L$3),"") -> 2.5 | G72: =IFERROR(DMAX(코딩자료!$A$1:$BB$74,"Y3_원격파악",$K$2:$L$3),"") -> 5
B73: 미도입 | C73: =IFERROR(DCOUNT(코딩자료!$A$1:$BB$74,"Y3_원격파악",$K$5:$L$6),"") -> 39 | D73: =IFERROR(DAVERAGE(코딩자료!$A$1:$BB$74,"Y3_원격파악",$K$5:$L$6),"") -> 3.3205128 | E73: =IFERROR(DSTDEV(코딩자료!$A$1:$BB$74,"Y3_원격파악",$K$5:$L$6),"") -> 0.99662047 | F73: =IFERROR(DMIN(코딩자료!$A$1:$BB$74,"Y3_원격파악",$K$5:$L$6),"") -> 1 | G73: =IFERROR(DMAX(코딩자료!$A$1:$BB$74,"Y3_원격파악",$K$5:$L$6),"") -> 5
B74: 전체 | C74: =IFERROR(DCOUNT(코딩자료!$A$1:$BB$74,"Y3_원격파악",$K$8:$K$9),"") -> 71 | D74: =IFERROR(DAVERAGE(코딩자료!$A$1:$BB$74,"Y3_원격파악",$K$8:$K$9),"") -> 3.6126761 | E74: =IFERROR(DSTDEV(코딩자료!$A$1:$BB$74,"Y3_원격파악",$K$8:$K$9),"") -> 0.92271797 | F74: =IFERROR(DMIN(코딩자료!$A$1:$BB$74,"Y3_원격파악",$K$8:$K$9),"") -> 1 | G74: =IFERROR(DMAX(코딩자료!$A$1:$BB$74,"Y3_원격파악",$K$8:$K$9),"") -> 5
A75: 순찰부담 경감 | B75: 도입 | C75: =IFERROR(DCOUNT(코딩자료!$A$1:$BB$74,"Y4_순찰부담경감",$K$2:$L$3),"") -> 32 | D75: =IFERROR(DAVERAGE(코딩자료!$A$1:$BB$74,"Y4_순찰부담경감",$K$2:$L$3),"") -> 3.8125 | E75: =IFERROR(DSTDEV(코딩자료!$A$1:$BB$74,"Y4_순찰부담경감",$K$2:$L$3),"") -> 0.78030184 | F75: =IFERROR(DMIN(코딩자료!$A$1:$BB$74,"Y4_순찰부담경감",$K$2:$L$3),"") -> 2 | G75: =IFERROR(DMAX(코딩자료!$A$1:$BB$74,"Y4_순찰부담경감",$K$2:$L$3),"") -> 5
B76: 미도입 | C76: =IFERROR(DCOUNT(코딩자료!$A$1:$BB$74,"Y4_순찰부담경감",$K$5:$L$6),"") -> 39 | D76: =IFERROR(DAVERAGE(코딩자료!$A$1:$BB$74,"Y4_순찰부담경감",$K$5:$L$6),"") -> 3.2564103 | E76: =IFERROR(DSTDEV(코딩자료!$A$1:$BB$74,"Y4_순찰부담경감",$K$5:$L$6),"") -> 1.0057191 | F76: =IFERROR(DMIN(코딩자료!$A$1:$BB$74,"Y4_순찰부담경감",$K$5:$L$6),"") -> 1 | G76: =IFERROR(DMAX(코딩자료!$A$1:$BB$74,"Y4_순찰부담경감",$K$5:$L$6),"") -> 5
B77: 전체 | C77: =IFERROR(DCOUNT(코딩자료!$A$1:$BB$74,"Y4_순찰부담경감",$K$8:$K$9),"") -> 71 | D77: =IFERROR(DAVERAGE(코딩자료!$A$1:$BB$74,"Y4_순찰부담경감",$K$8:$K$9),"") -> 3.5070423 | E77: =IFERROR(DSTDEV(코딩자료!$A$1:$BB$74,"Y4_순찰부담경감",$K$8:$K$9),"") -> 0.94677255 | F77: =IFERROR(DMIN(코딩자료!$A$1:$BB$74,"Y4_순찰부담경감",$K$8:$K$9),"") -> 1 | G77: =IFERROR(DMAX(코딩자료!$A$1:$BB$74,"Y4_순찰부담경감",$K$8:$K$9),"") -> 5
A78: 위험 통제력 | B78: 도입 | C78: =IFERROR(DCOUNT(코딩자료!$A$1:$BB$74,"Y5_위험통제력",$K$2:$L$3),"") -> 32 | D78: =IFERROR(DAVERAGE(코딩자료!$A$1:$BB$74,"Y5_위험통제력",$K$2:$L$3),"") -> 4.265625 | E78: =IFERROR(DSTDEV(코딩자료!$A$1:$BB$74,"Y5_위험통제력",$K$2:$L$3),"") -> 0.59547182 | F78: =IFERROR(DMIN(코딩자료!$A$1:$BB$74,"Y5_위험통제력",$K$2:$L$3),"") -> 3 | G78: =IFERROR(DMAX(코딩자료!$A$1:$BB$74,"Y5_위험통제력",$K$2:$L$3),"") -> 5
B79: 미도입 | C79: =IFERROR(DCOUNT(코딩자료!$A$1:$BB$74,"Y5_위험통제력",$K$5:$L$6),"") -> 39 | D79: =IFERROR(DAVERAGE(코딩자료!$A$1:$BB$74,"Y5_위험통제력",$K$5:$L$6),"") -> 3.6666667 | E79: =IFERROR(DSTDEV(코딩자료!$A$1:$BB$74,"Y5_위험통제력",$K$5:$L$6),"") -> 0.8138063 | F79: =IFERROR(DMIN(코딩자료!$A$1:$BB$74,"Y5_위험통제력",$K$5:$L$6),"") -> 1.5 | G79: =IFERROR(DMAX(코딩자료!$A$1:$BB$74,"Y5_위험통제력",$K$5:$L$6),"") -> 5
B80: 전체 | C80: =IFERROR(DCOUNT(코딩자료!$A$1:$BB$74,"Y5_위험통제력",$K$8:$K$9),"") -> 71 | D80: =IFERROR(DAVERAGE(코딩자료!$A$1:$BB$74,"Y5_위험통제력",$K$8:$K$9),"") -> 3.9366197 | E80: =IFERROR(DSTDEV(코딩자료!$A$1:$BB$74,"Y5_위험통제력",$K$8:$K$9),"") -> 0.77887087 | F80: =IFERROR(DMIN(코딩자료!$A$1:$BB$74,"Y5_위험통제력",$K$8:$K$9),"") -> 1.5 | G80: =IFERROR(DMAX(코딩자료!$A$1:$BB$74,"Y5_위험통제력",$K$8:$K$9),"") -> 5
A81: 안전관리 예산 제약성 | B81: 도입 | C81: =IFERROR(DCOUNT(코딩자료!$A$1:$BB$74,"W_예산제약",$K$2:$L$3),"") -> 32 | D81: =IFERROR(DAVERAGE(코딩자료!$A$1:$BB$74,"W_예산제약",$K$2:$L$3),"") -> 3.265625 | E81: =IFERROR(DSTDEV(코딩자료!$A$1:$BB$74,"W_예산제약",$K$2:$L$3),"") -> 1.0237847 | F81: =IFERROR(DMIN(코딩자료!$A$1:$BB$74,"W_예산제약",$K$2:$L$3),"") -> 1.5 | G81: =IFERROR(DMAX(코딩자료!$A$1:$BB$74,"W_예산제약",$K$2:$L$3),"") -> 5
B82: 미도입 | C82: =IFERROR(DCOUNT(코딩자료!$A$1:$BB$74,"W_예산제약",$K$5:$L$6),"") -> 39 | D82: =IFERROR(DAVERAGE(코딩자료!$A$1:$BB$74,"W_예산제약",$K$5:$L$6),"") -> 3.5705128 | E82: =IFERROR(DSTDEV(코딩자료!$A$1:$BB$74,"W_예산제약",$K$5:$L$6),"") -> 1.1105782 | F82: =IFERROR(DMIN(코딩자료!$A$1:$BB$74,"W_예산제약",$K$5:$L$6),"") -> 1 | G82: =IFERROR(DMAX(코딩자료!$A$1:$BB$74,"W_예산제약",$K$5:$L$6),"") -> 5
B83: 전체 | C83: =IFERROR(DCOUNT(코딩자료!$A$1:$BB$74,"W_예산제약",$K$8:$K$9),"") -> 71 | D83: =IFERROR(DAVERAGE(코딩자료!$A$1:$BB$74,"W_예산제약",$K$8:$K$9),"") -> 3.4330986 | E83: =IFERROR(DSTDEV(코딩자료!$A$1:$BB$74,"W_예산제약",$K$8:$K$9),"") -> 1.0756707 | F83: =IFERROR(DMIN(코딩자료!$A$1:$BB$74,"W_예산제약",$K$8:$K$9),"") -> 1 | G83: =IFERROR(DMAX(코딩자료!$A$1:$BB$74,"W_예산제약",$K$8:$K$9),"") -> 5
A85: 표 5-3 패널 A(계속) — 도입 집단 참고 척도
A86: 변수 | B86: 집단 | C86: n | D86: 평균(M) | E86: 표준편차(SD) | F86: 최솟값 | G86: 최댓값
A87: 경보 피로도 완화 인식 | B87: 도입 | C87: =IFERROR(DCOUNT(코딩자료!$A$1:$BB$74,"E_total",$K$2:$L$3),"") -> 32 | D87: =IFERROR(DAVERAGE(코딩자료!$A$1:$BB$74,"E_total",$K$2:$L$3),"") -> 3.6328125 | E87: =IFERROR(DSTDEV(코딩자료!$A$1:$BB$74,"E_total",$K$2:$L$3),"") -> 0.96508477 | F87: =IFERROR(DMIN(코딩자료!$A$1:$BB$74,"E_total",$K$2:$L$3),"") -> 1.75 | G87: =IFERROR(DMAX(코딩자료!$A$1:$BB$74,"E_total",$K$2:$L$3),"") -> 5
A88: 시스템 특성 인식 전체 | B88: 도입 | C88: =IFERROR(DCOUNT(코딩자료!$A$1:$BB$74,"D_total",$K$2:$L$3),"") -> 32 | D88: =IFERROR(DAVERAGE(코딩자료!$A$1:$BB$74,"D_total",$K$2:$L$3),"") -> 3.71875 | E88: =IFERROR(DSTDEV(코딩자료!$A$1:$BB$74,"D_total",$K$2:$L$3),"") -> 0.6310194 | F88: =IFERROR(DMIN(코딩자료!$A$1:$BB$74,"D_total",$K$2:$L$3),"") -> 2.625 | G88: =IFERROR(DMAX(코딩자료!$A$1:$BB$74,"D_total",$K$2:$L$3),"") -> 5
A89: 인프라 범용성 | B89: 도입 | C89: =IFERROR(DCOUNT(코딩자료!$A$1:$BB$74,"D_sub1_인프라범용성",$K$2:$L$3),"") -> 32 | D89: =IFERROR(DAVERAGE(코딩자료!$A$1:$BB$74,"D_sub1_인프라범용성",$K$2:$L$3),"") -> 3.6875 | E89: =IFERROR(DSTDEV(코딩자료!$A$1:$BB$74,"D_sub1_인프라범용성",$K$2:$L$3),"") -> 0.86835031 | F89: =IFERROR(DMIN(코딩자료!$A$1:$BB$74,"D_sub1_인프라범용성",$K$2:$L$3),"") -> 1.5 | G89: =IFERROR(DMAX(코딩자료!$A$1:$BB$74,"D_sub1_인프라범용성",$K$2:$L$3),"") -> 5
A90: 탐지·제어 안정성 | B90: 도입 | C90: =IFERROR(DCOUNT(코딩자료!$A$1:$BB$74,"D_sub2_탐지제어안정성",$K$2:$L$3),"") -> 32 | D90: =IFERROR(DAVERAGE(코딩자료!$A$1:$BB$74,"D_sub2_탐지제어안정성",$K$2:$L$3),"") -> 3.71875 | E90: =IFERROR(DSTDEV(코딩자료!$A$1:$BB$74,"D_sub2_탐지제어안정성",$K$2:$L$3),"") -> 0.69488337 | F90: =IFERROR(DMIN(코딩자료!$A$1:$BB$74,"D_sub2_탐지제어안정성",$K$2:$L$3),"") -> 2.5 | G90: =IFERROR(DMAX(코딩자료!$A$1:$BB$74,"D_sub2_탐지제어안정성",$K$2:$L$3),"") -> 5
A91: 오탐 필터링 | B91: 도입 | C91: =IFERROR(DCOUNT(코딩자료!$A$1:$BB$74,"D_sub3_오탐필터링",$K$2:$L$3),"") -> 32 | D91: =IFERROR(DAVERAGE(코딩자료!$A$1:$BB$74,"D_sub3_오탐필터링",$K$2:$L$3),"") -> 3.484375 | E91: =IFERROR(DSTDEV(코딩자료!$A$1:$BB$74,"D_sub3_오탐필터링",$K$2:$L$3),"") -> 0.89338406 | F91: =IFERROR(DMIN(코딩자료!$A$1:$BB$74,"D_sub3_오탐필터링",$K$2:$L$3),"") -> 2 | G91: =IFERROR(DMAX(코딩자료!$A$1:$BB$74,"D_sub3_오탐필터링",$K$2:$L$3),"") -> 5
A92: 알림 전파 즉각성 | B92: 도입 | C92: =IFERROR(DCOUNT(코딩자료!$A$1:$BB$74,"D_sub4_알림전파즉각성",$K$2:$L$3),"") -> 32 | D92: =IFERROR(DAVERAGE(코딩자료!$A$1:$BB$74,"D_sub4_알림전파즉각성",$K$2:$L$3),"") -> 3.984375 | E92: =IFERROR(DSTDEV(코딩자료!$A$1:$BB$74,"D_sub4_알림전파즉각성",$K$2:$L$3),"") -> 0.72383806 | F92: =IFERROR(DMIN(코딩자료!$A$1:$BB$74,"D_sub4_알림전파즉각성",$K$2:$L$3),"") -> 2.5 | G92: =IFERROR(DMAX(코딩자료!$A$1:$BB$74,"D_sub4_알림전파즉각성",$K$2:$L$3),"") -> 5
A94: 표 5-3 패널 B — D·E 문항별 응답 상태와 기술통계(도입 집단)
A95: 일반 무응답 = 도입 집단 include=1 인원 − 유효 응답 수. 경험 부재 비해당 선택지는 설문에 없음(—).
A96: 문항 | B96: 집단 | C96: 유효 응답 수 | D96: 일반 무응답 수 | E96: 평균(M) | F96: 표준편차(SD)
A97: D-1 | B97: 도입 | C97: =DCOUNT(코딩자료!$A$1:$BB$74,"D1",$K$2:$L$3) -> 32 | D97: =COUNTIFS(코딩자료!$C$2:$C$74,1,코딩자료!$BA$2:$BA$74,1)-C97 -> 0 | E97: =IFERROR(DAVERAGE(코딩자료!$A$1:$BB$74,"D1",$K$2:$L$3),"") -> 3.6875 | F97: =IFERROR(DSTDEV(코딩자료!$A$1:$BB$74,"D1",$K$2:$L$3),"") -> 0.99798183
A98: D-2 | B98: 도입 | C98: =DCOUNT(코딩자료!$A$1:$BB$74,"D2",$K$2:$L$3) -> 32 | D98: =COUNTIFS(코딩자료!$C$2:$C$74,1,코딩자료!$BA$2:$BA$74,1)-C98 -> 0 | E98: =IFERROR(DAVERAGE(코딩자료!$A$1:$BB$74,"D2",$K$2:$L$3),"") -> 3.6875 | F98: =IFERROR(DSTDEV(코딩자료!$A$1:$BB$74,"D2",$K$2:$L$3),"") -> 0.96511741
A99: D-3 | B99: 도입 | C99: =DCOUNT(코딩자료!$A$1:$BB$74,"D3",$K$2:$L$3) -> 32 | D99: =COUNTIFS(코딩자료!$C$2:$C$74,1,코딩자료!$BA$2:$BA$74,1)-C99 -> 0 | E99: =IFERROR(DAVERAGE(코딩자료!$A$1:$BB$74,"D3",$K$2:$L$3),"") -> 3.9375 | F99: =IFERROR(DSTDEV(코딩자료!$A$1:$BB$74,"D3",$K$2:$L$3),"") -> 0.66901468
A100: D-4 | B100: 도입 | C100: =DCOUNT(코딩자료!$A$1:$BB$74,"D4",$K$2:$L$3) -> 32 | D100: =COUNTIFS(코딩자료!$C$2:$C$74,1,코딩자료!$BA$2:$BA$74,1)-C100 -> 0 | E100: =IFERROR(DAVERAGE(코딩자료!$A$1:$BB$74,"D4",$K$2:$L$3),"") -> 3.5 | F100: =IFERROR(DSTDEV(코딩자료!$A$1:$BB$74,"D4",$K$2:$L$3),"") -> 0.98373875
A101: D-5 | B101: 도입 | C101: =DCOUNT(코딩자료!$A$1:$BB$74,"D5",$K$2:$L$3) -> 32 | D101: =COUNTIFS(코딩자료!$C$2:$C$74,1,코딩자료!$BA$2:$BA$74,1)-C101 -> 0 | E101: =IFERROR(DAVERAGE(코딩자료!$A$1:$BB$74,"D5",$K$2:$L$3),"") -> 3.53125 | F101: =IFERROR(DSTDEV(코딩자료!$A$1:$BB$74,"D5",$K$2:$L$3),"") -> 0.94985143
A102: D-6 | B102: 도입 | C102: =DCOUNT(코딩자료!$A$1:$BB$74,"D6",$K$2:$L$3) -> 32 | D102: =COUNTIFS(코딩자료!$C$2:$C$74,1,코딩자료!$BA$2:$BA$74,1)-C102 -> 0 | E102: =IFERROR(DAVERAGE(코딩자료!$A$1:$BB$74,"D6",$K$2:$L$3),"") -> 3.4375 | F102: =IFERROR(DSTDEV(코딩자료!$A$1:$BB$74,"D6",$K$2:$L$3),"") -> 0.94825817
A103: D-7 | B103: 도입 | C103: =DCOUNT(코딩자료!$A$1:$BB$74,"D7",$K$2:$L$3) -> 32 | D103: =COUNTIFS(코딩자료!$C$2:$C$74,1,코딩자료!$BA$2:$BA$74,1)-C103 -> 0 | E103: =IFERROR(DAVERAGE(코딩자료!$A$1:$BB$74,"D7",$K$2:$L$3),"") -> 4.125 | F103: =IFERROR(DSTDEV(코딩자료!$A$1:$BB$74,"D7",$K$2:$L$3),"") -> 0.75134288
A104: D-8 | B104: 도입 | C104: =DCOUNT(코딩자료!$A$1:$BB$74,"D8",$K$2:$L$3) -> 32 | D104: =COUNTIFS(코딩자료!$C$2:$C$74,1,코딩자료!$BA$2:$BA$74,1)-C104 -> 0 | E104: =IFERROR(DAVERAGE(코딩자료!$A$1:$BB$74,"D8",$K$2:$L$3),"") -> 3.84375 | F104: =IFERROR(DSTDEV(코딩자료!$A$1:$BB$74,"D8",$K$2:$L$3),"") -> 0.84660136
A105: E-1 | B105: 도입 | C105: =DCOUNT(코딩자료!$A$1:$BB$74,"E1",$K$2:$L$3) -> 32 | D105: =COUNTIFS(코딩자료!$C$2:$C$74,1,코딩자료!$BA$2:$BA$74,1)-C105 -> 0 | E105: =IFERROR(DAVERAGE(코딩자료!$A$1:$BB$74,"E1",$K$2:$L$3),"") -> 3.5 | F105: =IFERROR(DSTDEV(코딩자료!$A$1:$BB$74,"E1",$K$2:$L$3),"") -> 1.2951523
A106: E-2 | B106: 도입 | C106: =DCOUNT(코딩자료!$A$1:$BB$74,"E2",$K$2:$L$3) -> 32 | D106: =COUNTIFS(코딩자료!$C$2:$C$74,1,코딩자료!$BA$2:$BA$74,1)-C106 -> 0 | E106: =IFERROR(DAVERAGE(코딩자료!$A$1:$BB$74,"E2",$K$2:$L$3),"") -> 3.5625 | F106: =IFERROR(DSTDEV(코딩자료!$A$1:$BB$74,"E2",$K$2:$L$3),"") -> 1.2164862
...

Sheet 검토메모
A1: 번호 | B1: 구분 | C1: resp_id | D1: 원본 행 | E1: 내용 | F1: 처리 | G1: 상태
A2: 1 | B2: 자료 특성(0.5) | C2: — | D2: — | E2: 성별: 도입 집단 32명 전원 남성(여성 0), 여성은 미도입에만 6명. | F2: 성별 더미는 미도입 내부에서만 식별됨 → 집단과 성별이 부분 교락. Task B에서 계수 해석 시 유의. | G2: 기록
A3: 2 | B3: 자료 특성(0.5) | C3: — | D3: — | E3: 소속×역할 교차(include=1): 미도입·시공사: 공사감독 3, 안전관리자 12, 현장소장 12 / 미도입·발주청: 공사감독 9, 기타 2 / 도입·시공사: 안전관리자 6, 현장소장 10, 기타 1 / 도입·발주청: 공사감독 12, 안전관리자 1, 기타 2. 발주청 응답자는 대부분 공사감독. | F3: 소속–역할 중복으로 설계행렬 순위 결함 가능 → Task B에서 rank(X) 확인 필수. | G3: 기록
A4: 3 | B4: 자료 특성(추가) | C4: R043, R046, R066 | D4: 44, 47, 67 | E4: 소속=시공사인데 역할=공사감독 3건(보기상 공사감독은 발주청 역할에 가까움). | F4: 응답 그대로 유지. 소속 또는 역할 오기 가능성 — 명부 대조 시 확인. | G4: 확인 필요
A5: 4 | B5: 자료 특성(추가) | C5: R070 | D5: 71 | E5: 소속=발주청인데 역할=안전관리자 1건. | F5: 응답 그대로 유지(참고). | G5: 기록
A6: 5 | B6: 자료 특성(0.5) | C6: R001, R002, R003, R004, R005 | D6: 2, 3, 4, 5, 6 | E6: 현장명·성명은 5건에만 입력(시험 응답 2건 포함). 나머지 68건은 둘 다 빈칸. | F6: 중복 제출은 타임스탬프·응답 벡터 동일성으로만 확인 가능(아래 항목). 분석자료·CSV에서는 성명·현장명 제거. | G6: 기록
A7: 6 | B7: 자료 특성(0.5) | C7: — | D7: — | E7: 집단 구분은 첫 질문의 자기보고 분기값이며 조사 명부와의 대조는 아직 하지 않았다. | F7: group은 '명부 대조 전 자기보고 기준'. 명부 확보 후 불일치 건을 재검토(자기보고만으로 재분류하지 않음). | G7: 확인 필요
A8: 7 | B8: 중복 의심 | C8: — | D8: — | E8: 전 문항(A·B·C·D·E 코딩값) 응답 벡터가 완전히 같은 쌍: 0건. | F8: 중복 제출 근거 없음. | G8: 기록
A9: 8 | B9: 중복 의심(근접 제출) | C9: R013–R014; R018–R019; R020–R021; R030–R031 | D9: — | E9: 직전 응답과 2분 이내 제출 24쌍. 20초 이내: R013–R014 13초 차, 코딩값 28개 다름; R018–R019 2초 차, 코딩값 29개 다름; R020–R021 18초 차, 코딩값 24개 다름; R030–R031 9초 차, 코딩값 23개 다름. 2분 이내 쌍의 서로 다른 변수 수 최소 13개. | F9: 근접 제출이지만 응답 벡터가 다르므로 중복으로 보지 않음(현장 단체 안내 시 동시 응답으로 해석). 계획서의 행 14·15 = R013–R014. | G9: 기록
A10: 9 | B10: 제외(include=0) | C10: R001 | D10: 2 | E10: 2026-10-14 10:31:32, 현장명 '테스트', 도입 분기, 리커트 전 문항 값 [3]. | F10: include=0, exclude_reason='시험 응답(현장명 '테스트')'. → 유효 표본에서 제외. | G10: 사용자 확인 필요(계획 결정 1)
A11: 10 | B11: 제외(include=0) | C11: R002 | D11: 3 | E11: 2026-10-14 10:32:38, 현장명 '없음', 도입 분기, 리커트 전 문항 값 [5]. | F11: include=0, exclude_reason='연구자 본인 시험 응답(현장명 '없음')'. → 유효 표본에서 제외. | G11: 사용자 확인 필요(계획 결정 1)
A12: 11 | B12: 결측(무응답 표기) | C12: R030 | D12: 31 | E12: A5='.' — 역할 보기 외 '.' 한 글자. | F12: A5_role 결측. H1 완전사례에서 탈락. (계획 결정 2: 결측 vs 기타) | G12: 사용자 확인 필요(계획 결정 2)
A13: 12 | B13: 기타 응답(A-5) | C13: R037, R039, R055, R072, R073 | D13: 38, 40, 56, 73, 74 | E13: A-5 기타 원문: R037=사업관리(부장); R039=기술사사무소; R055=사업관리(안전포함); R072=공무; R073=설계자 | F13: A5_role=4, 원문은 A5_기타텍스트 보존. | G13: 기록
A14: 13 | B14: 기타 응답(A-7) | C14: R020, R024, R033, R038, R048 | D14: 21, 25, 34, 39, 49 | E14: A-7 기타 원문: R020(미도입)=현장상주; R024(도입)=수시로 현장을 답사하여 확인한다; R033(도입)=현장상주 미상주시 대체직원 상주; R038(미도입)=현장상주 직접확인; R048(미도입)=상주 근무자의 비상연락망 가동 | F14: A7_path=5. 도입 집단 해당 건은 sys_path=0으로 두었으며 판정 기준 [확정 필요]. | G14: 확인 필요
A15: 14 | B15: 운용 실태(sys_path) | C15: R010, R017, R034, R037, R071 | D15: 11, 18, 35, 38, 72 | E15: 도입 32명 중 sys_path=1은 5명, 0은 27명. A-7 분포(도입): 작업자나 반장의 전화·보고 13, 사무실 등에서 CCTV 화면을 직접 본다 9, 자동 알림(문자·메신저·앱)을 받는다 8, 기타 2. sys_path=1의 구성: A-7=③·A-8=③ 0건, A-7=④·A-8=③ 5건. | F15: sys_path=0 제외 민감도 분석의 부분집단이 매우 작다(도입 n=5) → Task B 민감도 분석의 추정 안정성 주의. | G15: 확인 필요
A16: 15 | B16: 운용 실태(미도입) | C16: R025, R041 | D16: 26, 42 | E16: 미도입 응답인데 A-8=③(발생 직후 알림으로) 또는 A-7=④(자동 알림): R025 A7=3, A8=3; R041 A7=2, A8=3 | F16: 다른 알림 수단 사용 가능성 또는 분기 오선택 가능성 — 명부 대조 대상. 응답 그대로 유지. | G16: 확인 필요
A17: 16 | B17: 일렬응답 | C17: R030 | D17: 31 | E17: 미도입 응답자의 리커트 전 문항(12개)이 모두 4. | F17: 원고 규칙(05장 제1절: 일렬응답만으로 자동 제외하지 않음)에 따라 포함 유지. 민감도 점검 후보. | G17: 기록
A18: 17 | B18: 일렬응답 | C18: R050 | D18: 51 | E18: 미도입 응답자의 리커트 전 문항(12개)이 모두 4. | F18: 원고 규칙(05장 제1절: 일렬응답만으로 자동 제외하지 않음)에 따라 포함 유지. 민감도 점검 후보. | G18: 기록
A19: 18 | B19: 희소 범주(n<5) | C19: — | D19: — | E19: 집단별 n<5 범주: 도입 20억 원 미만 2; 도입 기타 3; 미도입 기타 2; 도입 여성 0. | F19: <표 5-4> 균형 진단에서 희소범주 표시. 더미 계수 불안정 가능. | G19: 기록
A20: 19 | B20: 검증 | C20: — | D20: — | E20: 교차 채움 위반 0건(도입 행 38∼58열, 미도입 행 5∼37열 모두 빈칸). | F20: 이상 없음 | G20: 기록
A21: 20 | B21: 검증 | C21: — | D21: — | E21: 리커트 매핑 실패 0건, 범주 매핑 실패(기타 제외) 0건, 숫자 변환 실패 0건. | F21: 이상 없음 | G21: 기록
A22: 21 | B22: 결측 현황 | C22: — | D22: — | E22: include=1 기준 문항 결측: A5_role 1건 (D·E는 도입 집단 기준, 미도입 D·E 빈칸은 설계상 비해당). | F22: Y_total·W 완전사례 = 유효 표본 전원. | G22: 기록
A23: 22 | B23: 검증 | C23: — | D23: — | E23: 원본 머리글 문항 문구 ↔ 부록1 문항 전문 대조: 33문항 중 불일치 0건. | F23: 코드북 문항 전문은 부록1에서 읽음. | G23: 기록
A24: 23 | B24: 자료 특성(추가) | C24: — | D24: — | E24: 제출 기간: 전체 2026-10-14 10:31∼2026-10-23 11:40, 유효 응답 2026-10-14 11:34∼2026-10-23 11:40. 유효 표본 71명(도입 32, 미도입 39) — 04장 모집 목표 60명과 다름. | F24: Google Forms 제출시각은 응답 소요시간으로 쓰지 않음(05장 제1절). 표본 수 서술 정합은 Task C에서. | G24: 기록
